as_of,symbol,sec_type,underlying,expiry,right,strike,quantity,avg_cost,market_price,market_value,unrealized_pnl,realized_pnl,delta,gamma,theta,vega,iv,spx_delta,underlying_price,greeks_source,bid,ask,mid,spread,bid_ask_source,bid_ask_available
2026-03-08T21:49:57.602175+00:00,EXK6 P6075,FOP,MES,2026-05-29,P,6075.0,-2.0,422.09,98.3630829,-983.63,-139.45,0.0,1.8582955847376175,-0.002853251818256773,5.116330430482776,-87.95608581884153,0.28099599393518737,1.8582955847376175,6792.25,live,,,,,none,False
2026-03-08T21:49:57.602175+00:00,EXH6 C7175,FOP,MES,2026-03-31,C,7175.0,-3.0,282.92333335,8.59364225,-128.9,719.87,0.0,-1.0026723877221013,-0.008036509366190154,12.908434190385663,-37.396129261463784,0.14512849496129393,-1.0026723877221013,6792.25,live,,,,,none,False
2026-03-08T21:49:57.602175+00:00,E3AH6 P6320,FOP,ES,2026-03-16,P,6320.0,1.0,401.42,22.13443945,1106.72,705.3,0.0,-5.809410192741722,0.02562186631927627,-156.7854174965305,111.0955369849421,0.33702471805949463,-5.809410192741722,6740.35009765625,live,,,,,none,False
2026-03-08T21:49:57.602175+00:00,E5AH6 C7010,FOP,ES,2026-03-30,C,7010.0,-1.0,2123.58,40.8807373,-2044.04,79.54,0.0,-12.650681530995373,-0.0529692160245792,100.81631234733095,-281.84082516597755,0.17079991705604086,-12.650681530995373,6790.69970703125,live,,,,,none,False
2026-03-08T21:49:57.602175+00:00,E3BH6 C7060,FOP,ES,2026-03-17,C,7060.0,1.0,376.42,1.5762341,78.81,-297.61,0.0,1.0210553311291126,0.016718686819366904,-19.98912342855803,33.78486709366939,0.13731776365982346,1.0210553311291126,6740.35009765625,live,,,,,none,False
2026-03-08T21:49:57.602175+00:00,E3DH6 C6980,FOP,ES,2026-03-19,C,6980.0,1.0,1701.42,14.8826504,744.13,-957.29,0.0,7.490356801262835,0.05421461579189512,-138.4612429310721,152.75819796725614,0.16886737412637035,7.490356801262835,6740.35009765625,live,,,,,none,False
2026-03-08T21:49:57.602175+00:00,E2AH6 P6635,FOP,ES,2026-03-09,P,6635.0,1.0,596.42,20.60652735,1030.33,433.91,0.0,-10.762314390179638,0.09775198812561939,-326.51049246578623,89.89186856192646,0.2463388592869766,-10.762314390179638,6740.35009765625,live,,,,,none,False
2026-03-08T21:49:57.602175+00:00,EWH6 P6675,FOP,ES,2026-03-31,P,6675.0,-3.0,4883.58,126.5185852,-18977.79,-4327.05,0.0,56.52629792502948,-0.12488531632759536,170.42974225878424,-1012.573201158466,0.2543280369390172,56.52629792502948,6790.69970703125,live,,,,,none,False
2026-03-08T21:49:57.602175+00:00,E2AH6 P6530,FOP,ES,2026-03-09,P,6530.0,1.0,313.92,7.5314398,376.57,62.65,0.0,-4.424761712469909,0.0479010123764741,-198.7130024485225,50.28736200441699,0.27396378843112135,-4.424761712469909,6740.35009765625,live,,,,,none,False
2026-03-08T21:49:57.602175+00:00,EW2H6 P6850,FOP,ES,2026-03-13,P,6850.0,-1.0,4253.58,148.403656,-7420.18,-3166.6,0.0,33.92195329292827,-0.08669390591499451,55.85897172886689,-167.59084361638088,0.21959366917271378,33.92195329292827,6740.35009765625,live,,,,,none,False
2026-03-08T21:49:57.602175+00:00,E3CH6 C7000,FOP,ES,2026-03-18,C,7000.0,1.0,2476.42,8.79692365,439.85,-2036.57,0.0,5.18551012902412,0.046791779784453216,-81.61659886642383,115.5625696153038,0.1597418169970952,5.18551012902412,6740.35009765625,live,,,,,none,False
2026-03-08T21:49:57.602175+00:00,EWH6 P6625,FOP,ES,2026-03-31,P,6625.0,1.0,3676.42,113.2756119,5663.78,1987.36,0.0,-17.000814748981654,0.038645615416054685,-72.41194581338277,326.07067757894583,0.26382617289850924,-17.000814748981654,6790.69970703125,live,,,,,none,False
2026-03-08T21:49:57.602175+00:00,E2AH6 P6315,FOP,ES,2026-03-09,P,6315.0,1.0,51.42,1.6948297,84.74,33.32,0.0,-1.0103800769817504,0.011035962222217168,-63.92182373883591,15.692165693069171,0.3605975253226693,-1.0103800769817504,6740.35009765625,live,,,,,none,False
2026-03-08T21:49:57.602175+00:00,EW3H6 C6980,FOP,ES,2026-03-20,C,6980.0,-1.0,3573.58,32.80750275,-1640.38,1933.2,0.0,-12.384545351312031,-0.06227147719798646,217.68024971238447,-212.68753531071525,0.18754488202177175,-12.384545351312031,6790.69970703125,live,,,,,none,False
2026-03-08T21:49:57.602175+00:00,JEPI,STK,,,,,3.0,57.8734,58.00699995,174.02,0.4,0.0,0.016096942486125,,,,,0.016096942486125,58.00699995,,,,,,none,False
2026-03-08T21:49:57.602175+00:00,E2AH6 P6720,FOP,ES,2026-03-09,P,6720.0,1.0,1546.42,43.15166475,2157.58,611.16,0.0,-20.301846855839596,0.14575944491735154,-359.313347034913,117.95712812431702,0.21876326531034246,-20.301846855839596,6740.35009765625,live,,,,,none,False
2026-03-08T21:49:57.602175+00:00,E3CH6 C6960,FOP,ES,2026-03-18,C,6960.0,1.0,1691.42,16.4899769,824.5,-866.92,0.0,8.369816149609468,0.05935247866617234,-157.79667366090848,157.08421115723468,0.1716045814738105,8.369816149609468,6740.35009765625,live,,,,,none,False
2026-03-08T21:49:57.602175+00:00,EXK6 P6600,FOP,MES,2026-05-29,P,6600.0,1.0,850.41,196.6890259,983.45,133.04,0.0,-1.8423185206841575,0.0025355993533433853,-0.9209216090380324,61.18535308409492,0.2213682124214777,-1.8423185206841575,6792.25,live,,,,,none,False
2026-03-08T21:49:57.602175+00:00,E5AH6 P6825,FOP,ES,2026-03-30,P,6825.0,-1.0,6298.58,170.7486267,-8537.43,-2238.85,0.0,25.65088333762391,-0.05169075086733394,0.12432476955837046,-346.4394857166326,0.22007404024336202,25.65088333762391,6790.69970703125,live,,,,,none,False
2026-03-08T21:49:57.602175+00:00,ESH6 C6990,FOP,ES,2026-03-20,C,6990.0,-1.0,1361.08,14.1355772,-706.78,654.3,0.0,-6.7540334980631656,-0.05009820400061338,89.50340443570441,-144.7862829956348,0.1660211622269208,-6.7540334980631656,6740.35009765625,live,,,,,none,False
2026-03-08T21:49:57.602175+00:00,E2DH6 C6895,FOP,ES,2026-03-12,C,6895.0,-1.0,3023.58,15.26543235,-763.27,2260.31,0.0,-9.897060776478215,-0.08356733576156318,248.76242085986178,-122.16586831307268,0.18952000369954847,-9.897060776478215,6740.35009765625,live,,,,,none,False
2026-03-08T21:49:57.602175+00:00,EW4H6 P6825,FOP,ES,2026-03-27,P,6825.0,-1.0,6073.58,166.61006165,-8330.5,-2256.92,0.0,25.713647459578677,-0.05324774983544281,17.738261391309607,-324.09679153686284,0.22883143904439385,25.713647459578677,6790.69970703125,live,,,,,none,False
2026-03-08T21:49:57.602175+00:00,X2AH6 C6885,FOP,MES,2026-03-09,C,6885.0,-1.0,189.59,2.0857227,-10.43,179.16,0.0,-0.3860007911411529,-0.007660921079395747,10.662848071671078,-4.679210195328664,0.14786515529009522,-0.3860007911411529,6742.14990234375,live,,,,,none,False
2026-03-08T21:49:57.602175+00:00,EW2J6 P6700,FOP,ES,2026-04-10,P,6700.0,1.0,4001.42,156.84158325,7842.08,3840.66,0.0,-20.223968939970277,0.038425695855695365,-17.296518894590918,406.8761203050826,0.2393432596788519,-20.223968939970277,6790.69970703125,live,,,,,none,False
2026-03-08T21:49:57.602175+00:00,EWH6 P6750,FOP,ES,2026-03-31,P,6750.0,-1.0,5148.58,149.00079345,-7450.04,-2301.46,0.0,21.966462651189016,-0.046162120739542144,142.5304282150364,-349.9117162784387,0.23894556234410988,21.966462651189016,6790.69970703125,live,,,,,none,False
2026-03-08T21:49:57.602175+00:00,E2AH6 C7035,FOP,ES,2026-03-09,C,7035.0,1.0,28.92,0.02402645,1.2,-27.72,0.0,0.13067118655179566,0.004054130807332804,-3.6333897428650896,3.099468820679263,0.1537090736833847,0.13067118655179566,6740.35009765625,live,,,,,none,False
2026-03-08T21:49:57.602175+00:00,E3BH6 P6750,FOP,ES,2026-03-17,P,6750.0,1.0,3041.42,114.7391281,5736.96,2695.54,0.0,-24.54510591969252,0.07147126403155953,-105.04934315542869,232.97998759724123,0.23580778951014555,-24.54510591969252,6740.35009765625,live,,,,,none,False
2026-03-08T21:49:57.602175+00:00,HPQ   260417C00021000,OPT,HPQ,2026-04-17,C,21.0,-5.0,43.70226,0.4799478,-239.97,-21.46,0.0,,,,,,,,,,,,,none,False
2026-03-08T21:49:57.602175+00:00,E2AH6 P6455,FOP,ES,2026-03-09,P,6455.0,3.0,174.75333335,3.98649885,597.97,73.71,0.0,-7.3187522209609694,0.08256919067035993,-370.9917784575083,96.29185395598086,0.2995499791082182,-7.3187522209609694,6740.35009765625,live,,,,,none,False
2026-03-08T21:49:57.602175+00:00,E2DH6 C7040,FOP,ES,2026-03-12,C,7040.0,-1.0,1673.58,0.37706785,-18.85,1654.73,0.0,-0.19676457085692683,-0.0054827979519034165,4.456241824072915,-6.64149184714784,0.14419726225792107,-0.19676457085692683,6740.35009765625,live,,,,,none,False
2026-03-08T21:49:57.602175+00:00,E3AH6 C6850,FOP,ES,2026-03-16,C,6850.0,-1.0,2323.58,44.7437744,-2237.19,86.39,0.0,-16.814469304561825,-0.08066995322742636,310.8589077850638,-204.19538716284933,0.19971128619591946,-16.814469304561825,6740.35009765625,live,,,,,none,False
2026-03-08T21:49:57.602175+00:00,E2AH6 P6460,FOP,ES,2026-03-09,P,6460.0,2.0,586.42,4.14137935,414.14,-758.7,0.0,-5.063504123167125,0.05707059802384605,-252.69569181760403,66.07935627100687,0.29763322579763707,-5.063504123167125,6740.35009765625,live,,,,,none,False
2026-03-08T21:49:57.602175+00:00,E5AH6 P6450,FOP,ES,2026-03-30,P,6450.0,-1.0,2861.08,74.64782715,-3732.39,-871.31,0.0,11.605054218696152,-0.029322575921618466,96.99302040195334,-267.6244762373017,0.2968918233462377,11.605054218696152,6790.69970703125,live,,,,,none,False
2026-03-08T21:49:57.602175+00:00,E2AH6 P6710,FOP,ES,2026-03-09,P,6710.0,1.0,2176.42,39.6970215,1984.85,-191.57,0.0,-18.938117141447815,0.14072772862879562,-365.506640796184,115.78436406548462,0.22231023765475247,-18.938117141447815,6740.35009765625,live,,,,,none,False
2026-03-08T21:49:57.602175+00:00,E2AH6 C6820,FOP,ES,2026-03-09,C,6820.0,-1.0,683.58,13.96360205,-698.18,-14.6,0.0,-13.211425936312216,-0.15025889108552534,367.3155174541648,-100.45056172540399,0.17585361528048424,-13.211425936312216,6740.35009765625,live,,,,,none,False
2026-03-08T21:49:57.602175+00:00,EWJ6 P6500,FOP,ES,2026-04-30,P,6500.0,-1.0,3948.58,141.44851685,-7072.43,-3123.85,0.0,15.216129104914447,-0.025983985643941,11.697952760641785,-461.98649250334256,0.25504983542514265,15.216129104914447,6790.69970703125,live,,,,,none,False
2026-03-08T21:49:57.602175+00:00,EW2H6 P6400,FOP,ES,2026-03-13,P,6400.0,1.0,1311.42,23.38633345,1169.32,-142.1,0.0,-6.58775019292723,0.03244947423976438,-214.8737572422931,101.13330371753477,0.35270431248103057,-6.58775019292723,6740.35009765625,live,,,,,none,False
2026-03-08T21:49:57.602175+00:00,E2AH6 C6835,FOP,ES,2026-03-09,C,6835.0,1.0,776.42,9.74006555,487.0,-289.42,0.0,10.678807065692844,0.13841686572021733,-302.9808822050086,90.00904751969756,0.1685578207139232,10.678807065692844,6740.35009765625,live,,,,,none,False
2026-03-08T21:49:57.602175+00:00,EWH6 C7325,FOP,ES,2026-03-31,C,7325.0,-1.0,1761.08,0.8422366,-42.11,1718.97,0.0,-0.537051842464423,-0.006491642037465403,8.747838776528381,-31.039159213597145,0.12592856948148942,-0.537051842464423,6790.69970703125,live,,,,,none,False
2026-03-08T21:49:57.602175+00:00,E2AH6 C7030,FOP,ES,2026-03-09,C,7030.0,2.0,803.92,0.02649985,2.65,-1605.19,0.0,0.2745069915295072,0.00857524486682009,-7.565735890085423,6.4794245375381365,0.15258489124336805,0.2745069915295072,6740.35009765625,live,,,,,none,False
2026-03-08T21:49:57.602175+00:00,E3DH6 P6820,FOP,ES,2026-03-19,P,6820.0,-1.0,5598.58,157.12745665,-7856.37,-2257.79,0.0,29.341491346103656,-0.0679280197032747,33.25675086002775,-247.5214406439136,0.22166123700045862,29.341491346103656,6740.35009765625,live,,,,,none,False
2026-03-08T21:49:57.602175+00:00,ESH6 P6670,FOP,ES,2026-03-20,P,6670.0,1.0,3576.42,103.2579117,5162.9,1586.48,0.0,-20.221225207225388,0.056132830283073504,-244.72508691433248,247.90474612703122,0.2624320737209318,-20.221225207225388,6740.35009765625,live,,,,,none,False
2026-03-08T21:49:57.602175+00:00,E2BH6 P6550,FOP,ES,2026-03-10,P,6550.0,1.0,676.42,18.1980057,909.9,233.48,0.0,-7.714514361611196,0.058610253856455366,-263.22901711408235,84.91418761834666,0.2898262349209134,-7.714514361611196,6740.35009765625,live,,,,,none,False
2026-03-08T21:49:57.602175+00:00,EWH6 C7200,FOP,ES,2026-03-31,C,7200.0,-1.0,4148.58,5.0405302,-252.03,3896.55,0.0,-2.4231317924297504,-0.021686336818663474,36.46243967498606,-98.94922386633029,0.1355982770978469,-2.4231317924297504,6790.69970703125,live,,,,,none,False
2026-03-08T21:49:57.602175+00:00,E2AH6 P6505,FOP,ES,2026-03-09,P,6505.0,1.0,183.92,6.00505735,300.25,116.33,0.0,-3.5973847005135577,0.039760624251980944,-163.3419334884735,43.18977701219637,0.28172213900184867,-3.5973847005135577,6740.35009765625,live,,,,,none,False
2026-03-08T21:49:57.602175+00:00,ESH6,FUT,,2026-03-20,,,-10.0,341041.91,6739.8901367,-3369945.07,40474.03,0.0,-500.0,,,,,-500.0,6739.8901367,,,,,,none,False
2026-03-08T21:49:57.602175+00:00,E2AH6 P6800,FOP,ES,2026-03-09,P,6800.0,-1.0,3498.58,81.19439695,-4059.72,-561.14,0.0,33.26249771237421,-0.15987175752622018,264.3546480209807,-111.13980110517332,0.18586699844492396,33.26249771237421,6740.35009765625,live,,,,,none,False
2026-03-08T21:49:57.602175+00:00,E2AH6 P6500,FOP,ES,2026-03-09,P,6500.0,1.0,166.42,5.74807455,287.4,120.98,0.0,-3.45451304421951,0.03830612183523312,-158.97106128997223,41.89965203475481,0.2833652351501222,-3.45451304421951,6740.35009765625,live,,,,,none,False
2026-03-08T21:49:57.602175+00:00,EX2H6 P6890,FOP,MES,2026-03-13,P,6890.0,-1.0,424.59,170.7338867,-853.67,-429.08,0.0,3.8356989569691184,-0.008118533434296448,8.83912396451251,-14.403044730215695,0.19304703204007123,3.8356989569691184,6742.14990234375,live,,,,,none,False
2026-03-08T21:49:57.602175+00:00,EWH6 C7075,FOP,ES,2026-03-31,C,7075.0,-1.0,3598.58,23.89452745,-1194.73,2403.85,0.0,-8.680325104296175,-0.04560631902184524,82.08526767289186,-234.1564576396422,0.15787051058640245,-8.680325104296175,6790.69970703125,live,,,,,none,False
2026-03-08T21:49:57.602175+00:00,E4BH6 P6790,FOP,ES,2026-03-24,P,6790.0,-1.0,4623.58,140.3959656,-7019.8,-2396.22,0.0,23.857941095890794,-0.05557978060383215,51.03176332520434,-299.85240452904236,0.23431238839436547,23.857941095890794,6790.69970703125,live,,,,,none,False
2026-03-08T21:49:57.602175+00:00,SPY   260320P00675000,OPT,SPY,2026-03-20,P,675.0,-1.0,734.298,14.47378445,-1447.38,-713.08,0.0,51.1874562951722,-1.2517560664918441,138.0752174976733,-52.42795805949143,0.24690086919340348,5.741187767724801,672.2880249023438,live,,,,,none,False
2026-03-08T21:49:57.602175+00:00,SPY   260320P00679000,OPT,SPY,2026-03-20,P,679.0,1.0,835.6988,16.11228945,1611.23,775.53,0.0,-56.558987390939805,1.304231797395744,-138.47282474157333,50.88449056264963,0.2350387552253398,-6.343658975575836,672.2880249023438,live,,,,,none,False
2026-03-08T21:49:57.602175+00:00,HPQ   260417C00023000,OPT,HPQ,2026-04-17,C,23.0,-1.0,58.948,0.14408245,-14.41,44.54,0.0,,,,,,,,,,,,,none,False
2026-03-08T21:49:57.602175+00:00,E2AH6 P6665,FOP,ES,2026-03-09,P,6665.0,1.0,2161.42,26.97818185,1348.91,-812.51,0.0,-13.613098051437152,0.11519464933872771,-353.7299804884242,101.60624710040338,0.23734256118363636,-13.613098051437152,6740.35009765625,live,,,,,none,False
2026-03-08T21:49:57.602175+00:00,ESH6 P6310,FOP,ES,2026-03-20,P,6310.0,1.0,771.42,36.63668825,1831.83,1060.41,0.0,-7.691174300797381,0.026075246846338527,-197.88241772715588,168.0690676823769,0.3445390687487133,-7.691174300797381,6740.35009765625,live,,,,,none,False
2026-03-08T21:49:57.602175+00:00,E4CH6 P6450,FOP,ES,2026-03-25,P,6450.0,1.0,1276.42,61.69080355,3084.54,1808.12,0.0,-10.8453325376724,0.03042666184560917,-123.43978949647862,229.36454710342105,0.30601662647684846,-10.8453325376724,6790.69970703125,live,,,,,none,False
2026-03-08T21:49:57.602175+00:00,E3AH6 P6400,FOP,ES,2026-03-16,P,6400.0,1.0,481.42,29.22317505,1461.16,979.74,0.0,-7.568558707964021,0.032712248325466035,-172.90764196425243,132.7303031402721,0.3175073887105609,-7.568558707964021,6740.35009765625,live,,,,,none,False
2026-03-08T21:49:57.602175+00:00,EXJ6 P6775,FOP,MES,2026-04-30,P,6775.0,2.0,722.91,210.2989807,2102.99,657.17,0.0,-4.641004874723064,0.0069869790982134295,4.023367979239083,104.26482565639162,0.20862412699611402,-4.641004874723064,6792.25,live,,,,,none,False
2026-03-08T21:49:57.602175+00:00,E4DH6 C7040,FOP,ES,2026-03-26,C,7040.0,1.0,2688.92,25.7072582,1285.36,-1403.56,0.0,9.699732226665684,0.051363953652674314,-157.90440414464229,223.17033395173667,0.1669702099967756,9.699732226665684,6790.69970703125,live,,,,,none,False
2026-03-08T21:49:57.602175+00:00,AAPL,STK,,,,,2.0,212.51505,256.7000122,513.4,88.37,0.0,0.097546004636,,,,,0.097546004636,256.7000122,,,,,,none,False
2026-03-08T21:49:57.602175+00:00,EXJ6 P6725,FOP,MES,2026-04-30,P,6725.0,1.0,515.41,193.71362305,968.57,453.16,0.0,-2.15132025932628,0.0033372802387808768,-4.564627700053734,51.5847369383664,0.21599789389514454,-2.15132025932628,6792.25,live,,,,,none,False
2026-03-08T21:49:57.602175+00:00,E2AH6 P6445,FOP,ES,2026-03-09,P,6445.0,1.0,141.42,3.70087125,185.04,43.62,0.0,-2.2687159718785113,0.025624848598714348,-117.12805759412106,30.32094919423116,0.3034629364906036,-2.2687159718785113,6740.35009765625,live,,,,,none,False
2026-03-08T21:49:57.602175+00:00,EWJ6 P6675,FOP,ES,2026-04-30,P,6675.0,-1.0,5873.58,185.2798767,-9263.99,-3390.41,0.0,19.883914624147174,-0.03171228323868833,-18.42001283139325,-507.1840811443053,0.2299090361943818,19.883914624147174,6790.69970703125,live,,,,,none,False
2026-03-08T21:49:57.602175+00:00,E4DH6 P6850,FOP,ES,2026-03-26,P,6850.0,-1.0,6618.58,171.5158844,-8575.79,-1957.21,0.0,27.2093547201802,-0.05584031771397529,6.432231272469835,-314.59595528065165,0.21991737114833373,27.2093547201802,6790.69970703125,live,,,,,none,False
2026-03-08T21:49:57.602175+00:00,E2BH6 C6825,FOP,ES,2026-03-10,C,6825.0,-1.0,1148.58,22.46930695,-1123.47,25.11,0.0,-15.069478712262892,-0.12419072918476673,406.1761327534896,-123.26665121900078,0.1955744947002257,-15.069478712262892,6740.35009765625,live,,,,,none,False
2026-03-08T21:49:57.602175+00:00,ESH6 P6700,FOP,ES,2026-03-20,P,6700.0,-2.0,3806.08,113.3544693,-11335.45,-3723.29,0.0,43.74353258109133,-0.11728547277348243,495.319981242919,-517.1861170744805,0.2550346963147049,43.74353258109133,6740.35009765625,live,,,,,none,False
2026-03-08T21:49:57.602175+00:00,MESH6 P6800,FOP,MES,2026-03-20,P,6800.0,-1.0,417.09,147.4246826,-737.12,-320.03,0.0,2.816310885020843,-0.006594082607450798,22.222305653246508,-26.054468586547728,0.22070606853556354,2.816310885020843,6742.5,live,,,,,none,False
2026-03-08T21:49:57.602175+00:00,E2AH6 P6510,FOP,ES,2026-03-09,P,6510.0,1.0,168.92,6.2770262,313.85,144.93,0.0,-3.747190567122748,0.04127080425338783,-168.24922913134515,44.520517586067854,0.2801103264060032,-3.747190567122748,6740.35009765625,live,,,,,none,False
2026-03-08T21:49:57.602175+00:00,EXJ6 P6000,FOP,MES,2026-04-30,P,6000.0,-5.0,337.03,65.39177705,-1634.79,50.36,0.0,3.5656072065775115,-0.006638156261979009,29.326312389255804,-150.633637093037,0.31896792847632904,3.5656072065775115,6792.25,live,,,,,none,False
2026-03-08T21:49:57.602175+00:00,NVDA  260320P00165000,OPT,NVDA,2026-03-20,P,165.0,1.0,295.0488,3.36371685,336.37,41.32,0.0,,,,,,,,,,,,,none,False
2026-03-08T21:49:57.602175+00:00,EW3J6 C7075,FOP,ES,2026-04-17,C,7075.0,1.0,4201.42,51.5872879,2579.36,-1622.06,0.0,12.365384692609574,0.041406668213158415,-146.4604020747288,368.7053501884975,0.16459033887910177,12.365384692609574,6790.69970703125,live,,,,,none,False
2026-03-08T21:49:57.602175+00:00,E3AH6 C6990,FOP,ES,2026-03-16,C,6990.0,1.0,1301.42,5.24591925,262.3,-1039.12,0.0,3.718417701800975,0.043423970486508257,-71.88304669429897,83.98354443926905,0.14976722780315221,3.718417701800975,6740.35009765625,live,,,,,none,False
2026-03-08T21:49:57.602175+00:00,ESH6 P6790,FOP,ES,2026-03-20,P,6790.0,-1.0,3098.58,146.4100342,-7320.5,-4221.92,0.0,27.5347884605615,-0.06547076838537728,224.2508541256754,-260.33979708121535,0.22962093478315065,27.5347884605615,6740.35009765625,live,,,,,none,False
2026-03-08T21:49:57.602175+00:00,EWJ6 C7275,FOP,ES,2026-04-30,C,7275.0,-1.0,4573.58,18.71372225,-935.69,3637.89,0.0,-5.6981898437403835,-0.025794605309849637,62.03167860576855,-267.1146637726224,0.14068937956975858,-5.6981898437403835,6790.69970703125,live,,,,,none,False
2026-03-08T21:49:57.602175+00:00,AMD   260320P00175000,OPT,AMD,2026-03-20,P,175.0,1.0,460.698,4.07900335,407.9,-52.8,0.0,-23.015149871462558,1.0976212946543449,-29.50453050014561,11.12379504192571,0.7386686592223245,-1.551129021070825,192.55999755859375,live,,,,,none,False
2026-03-08T21:49:57.602175+00:00,E3CH6 P6430,FOP,ES,2026-03-18,P,6430.0,1.0,1736.42,43.95455935,2197.73,461.31,0.0,-9.717193949765308,0.03486941154930483,-169.99013783846522,169.76388628881978,0.31818057645926506,-9.717193949765308,6740.35009765625,live,,,,,none,False
2026-03-08T21:49:57.602175+00:00,ESH6 P6660,FOP,ES,2026-03-20,P,6660.0,-1.0,3623.58,100.51019285,-5025.51,-1401.93,0.0,19.700988823099706,-0.05517806364973546,246.5943325954555,-247.70421431017766,0.2648086479424849,19.700988823099706,6740.35009765625,live,,,,,none,False
2026-03-08T21:49:57.602175+00:00,EW3H6 C7175,FOP,ES,2026-03-20,C,7175.0,1.0,3463.92,2.00904155,100.45,-3363.47,0.0,1.1229920885849185,0.014770085475983586,-21.852000449324294,40.946118522258246,0.1459535321272894,1.1229920885849185,6790.69970703125,live,,,,,none,False
2026-03-08T21:49:57.602175+00:00,EW2H6 P6710,FOP,ES,2026-03-13,P,6710.0,1.0,4351.42,85.64245605,4282.12,-69.3,0.0,-21.44319201567781,0.07772936348977974,-235.58778850904218,182.9234430846782,0.2706057740657202,-21.44319201567781,6740.35009765625,live,,,,,none,False
2026-03-08T21:49:57.602175+00:00,IWM,STK,,,,,2.0,243.5,250.6300049,501.26,14.26,0.0,0.08354333496666666,,,,,0.08354333496666666,250.6300049,,,,,,none,False
2026-03-08T21:49:57.602175+00:00,E2DH6 P6875,FOP,ES,2026-03-12,P,6875.0,1.0,3326.42,156.39274595,7819.64,4493.22,0.0,-37.76233485713024,0.08948769745002907,7.7088893999643915,136.85402282740142,0.1990732702672655,-37.76233485713024,6740.35009765625,live,,,,,none,False
2026-03-08T21:49:57.602175+00:00,SPY   260320C00714000,OPT,SPY,2026-03-20,C,714.0,1.0,389.0488,0.07548395,7.55,-381.5,0.0,1.056022565067798,0.1638833670487432,0.17091013080619832,4.3717464969089015,0.13387287682085558,0.11844354597437638,672.2880249023438,live,,,,,none,False
2026-03-08T21:49:57.602175+00:00,NVDA  260320P00170000,OPT,NVDA,2026-03-20,P,170.0,-1.0,413.948,4.52301645,-452.3,-38.35,0.0,,,,,,,,,,,,,none,False
2026-03-08T21:49:57.602175+00:00,E2CH6 C6855,FOP,ES,2026-03-11,C,6855.0,-1.0,2573.58,21.6779175,-1083.9,1489.68,0.0,-13.120990052594683,-0.10141483504037348,343.36986734774655,-129.44066575878423,0.20096477201473364,-13.120990052594683,6740.35009765625,live,,,,,none,False
2026-03-08T21:49:57.602175+00:00,AMD,STK,,,,,10.0,228.89049,192.08999635,1920.9,-368.0,0.0,0.672314987225,,,,,0.672314987225,192.08999635,,,,,,none,False
2026-03-08T21:49:57.602175+00:00,VRT,STK,,,,,2.0,122.10505,254.02000425,508.04,263.83,0.0,0.22235217705349997,,,,,0.22235217705349997,254.02000425,,,,,,none,False
2026-03-08T21:49:57.602175+00:00,E2BH6 P6840,FOP,ES,2026-03-10,P,6840.0,-1.0,3851.08,117.33963775,-5866.98,-2015.9,0.0,37.04355342730084,-0.11912298706886192,35.01838604247496,-114.9127105268235,0.18858517841430417,37.04355342730084,6740.35009765625,live,,,,,none,False
2026-03-08T21:49:57.602175+00:00,EWJ6 P6575,FOP,ES,2026-04-30,P,6575.0,1.0,4476.42,158.82821655,7941.41,3464.99,0.0,-17.06797546040505,0.02840858014847952,-4.021799421070682,483.5807285331384,0.24458785262397142,-17.06797546040505,6790.69970703125,live,,,,,none,False
2026-03-08T21:49:57.602175+00:00,EW2H6 P6690,FOP,ES,2026-03-13,P,6690.0,1.0,1601.42,78.75245665,3937.62,2336.2,0.0,-19.982866127590142,0.07480521428943882,-247.19428125611103,180.07413959744554,0.276088822784522,-19.982866127590142,6740.35009765625,live,,,,,none,False
2026-03-08T21:49:57.602175+00:00,E2DH6 P6825,FOP,ES,2026-03-12,P,6825.0,-1.0,3373.58,126.6602478,-6333.01,-2959.43,0.0,32.17092106464083,-0.09591404529004433,108.7188137911653,-161.1315452111285,0.22287446520430987,32.17092106464083,6740.35009765625,live,,,,,none,False
2026-03-08T21:49:57.602175+00:00,E3AH6 P6700,FOP,ES,2026-03-16,P,6700.0,1.0,4601.42,90.718277,4535.91,-65.51,0.0,-20.988961676801186,0.07000624962915006,-149.48857868109826,217.84894256688858,0.2480424083869884,-20.988961676801186,6740.35009765625,live,,,,,none,False
2026-03-08T21:49:57.602175+00:00,EXJ6 P6900,FOP,MES,2026-04-30,P,6900.0,-1.0,924.53,260.1156311,-1300.58,-376.05,0.0,2.7976455909506366,-0.003809091586067419,1.5108520792296076,-51.70925763722608,0.19056100973788265,2.7976455909506366,6792.25,live,,,,,none,False
2026-03-08T21:49:57.602175+00:00,EW3H6 P6680,FOP,ES,2026-03-20,P,6680.0,-1.0,2298.58,95.5244293,-4776.22,-2477.64,0.0,18.03738299389936,-0.05052710750189469,122.60459196497774,-249.15137159800906,0.2744651531900719,18.03738299389936,6790.69970703125,live,,,,,none,False
2026-03-08T21:49:57.602175+00:00,ESH6 C7000,FOP,ES,2026-03-20,C,7000.0,-1.0,2948.58,12.04375555,-602.19,2346.39,0.0,-6.03397703582471,-0.047442000313719146,76.43817777221722,-144.89959050856936,0.16332925393649364,-6.03397703582471,6740.35009765625,live,,,,,none,False
2026-03-08T21:49:57.602175+00:00,EW3H6 P6450,FOP,ES,2026-03-20,P,6450.0,1.0,2463.92,49.71945955,2485.97,22.05,0.0,-9.896333679271518,0.031530704990331754,-161.15626867866695,186.68803572415985,0.32534912266299615,-9.896333679271518,6790.69970703125,live,,,,,none,False
2026-03-08T21:49:57.602175+00:00,ESH6 C7200,FOP,ES,2026-03-20,C,7200.0,1.0,1656.42,0.4335483,21.68,-1634.74,0.0,0.2831139128817676,0.004620292077146376,-4.97714684613838,13.359074144377967,0.13973670964945725,0.2831139128817676,6740.35009765625,live,,,,,none,False
2026-03-08T21:49:57.602175+00:00,E2BH6 C6925,FOP,ES,2026-03-10,C,6925.0,1.0,2031.42,2.21308255,110.65,-1920.77,0.0,2.696253461643924,0.051260644735071,-75.36403363859847,41.76391595705411,0.15698945575492973,2.696253461643924,6740.35009765625,live,,,,,none,False
2026-03-08T21:49:57.602175+00:00,HPQ   260320C00022000,OPT,HPQ,2026-03-20,C,22.0,-6.0,50.7813,0.04077455,-24.46,280.22,0.0,,,,,,,,,,,,,none,False
2026-03-08T21:49:57.602175+00:00,E5AH6 P6650,FOP,ES,2026-03-30,P,6650.0,-1.0,2848.58,116.1394882,-5806.97,-2958.39,0.0,17.758896706755767,-0.041061200260829454,81.68813325426072,-324.49875185020574,0.25896814471961643,17.758896706755767,6790.69970703125,live,,,,,none,False
2026-03-08T21:49:57.602175+00:00,E3CH6 P6750,FOP,ES,2026-03-18,P,6750.0,-1.0,5348.58,121.6129532,-6080.65,-732.07,0.0,24.514515086768267,-0.06676867875858948,99.76013683537985,-243.34393628637372,0.23989214113794602,24.514515086768267,6740.35009765625,live,,,,,none,False
2026-03-08T21:49:57.602175+00:00,EXJ6 P6675,FOP,MES,2026-04-30,P,6675.0,-1.0,509.59,178.70240785,-893.51,-383.92,0.0,1.994016361093819,-0.00317364164350798,5.170135512021261,-50.741491327328276,0.22342104031454824,1.994016361093819,6792.25,live,,,,,none,False
2026-03-08T21:49:57.602175+00:00,E3AH6 P6540,FOP,ES,2026-03-16,P,6540.0,1.0,1518.92,49.0376358,2451.88,932.96,0.0,-12.271294137968795,0.04891962765687546,-243.06118110836223,176.6398556528543,0.28470238525210756,-12.271294137968795,6740.35009765625,live,,,,,none,False
2026-03-08T21:49:57.602175+00:00,E2AH6 P6620,FOP,ES,2026-03-09,P,6620.0,-1.0,603.58,17.9063339,-895.32,-291.74,0.0,9.524388132344892,-0.08936045360025395,308.18135317193764,-83.7781728285222,0.25034201560762454,9.524388132344892,6740.35009765625,live,,,,,none,False
2026-03-08T21:49:57.602175+00:00,E2AH6 P6695,FOP,ES,2026-03-09,P,6695.0,1.0,1826.42,34.92336655,1746.17,-80.25,0.0,-17.015886950412014,0.13258796045069215,-386.95272593870413,111.74156865017721,0.22730543445341242,-17.015886950412014,6740.35009765625,live,,,,,none,False
2026-03-08T21:49:57.602175+00:00,EWH6 P6100,FOP,ES,2026-03-31,P,6100.0,1.0,1551.42,38.4767914,1923.84,372.42,0.0,-5.767639105036312,0.015120163527908206,-89.82768903241549,175.92672962298366,0.3605087604602979,-5.767639105036312,6790.69970703125,live,,,,,none,False
2026-03-08T21:49:57.602175+00:00,X3AH6 C6750,FOP,MES,2026-03-16,C,6750.0,-1.0,517.03,95.44641875,-477.23,39.8,0.0,-2.524600535825268,-0.007605303660594226,33.12765148634071,-22.209467390516693,0.2264546430585277,-2.524600535825268,6742.14990234375,live,,,,,none,False
2026-03-08T21:49:57.602175+00:00,E2AH6 C6985,FOP,ES,2026-03-09,C,6985.0,4.0,159.545,0.0745751,14.92,-623.26,0.0,0.9992100465749282,0.03233512874056008,-25.922491971477246,21.870825364831603,0.14404208637593402,0.9992100465749282,6740.35009765625,live,,,,,none,False
2026-03-08T21:49:57.602175+00:00,EWH6 P6800,FOP,ES,2026-03-31,P,6800.0,-1.0,4423.58,165.9223633,-8296.12,-3872.54,0.0,24.32762972939422,-0.04901369006649521,15.466513138426308,-353.5887758816216,0.22768998855653413,24.32762972939422,6790.69970703125,live,,,,,none,False
2026-03-08T21:49:57.602175+00:00,EXH6 C7125,FOP,MES,2026-03-31,C,7125.0,-1.0,267.34,15.36507415,-76.83,190.51,0.0,-0.5705774385373548,-0.0036972797756067892,5.3880772548882305,-17.989166713564373,0.15281268754573626,-0.5705774385373548,6792.25,live,,,,,none,False
2026-03-08T21:49:57.602175+00:00,EX2H6 P6760,FOP,MES,2026-03-13,P,6760.0,-1.0,229.59,102.39159395,-511.96,-282.37,0.0,2.5595358515746436,-0.008391789230329101,27.381373716559665,-18.565074869397904,0.2481369686900743,2.5595358515746436,6742.14990234375,live,,,,,none,False
2026-03-08T21:49:57.602175+00:00,EXJ6 P6350,FOP,MES,2026-04-30,P,6350.0,-1.0,439.59,108.59996035,-543.0,-103.41,0.0,1.2123575481763984,-0.0021519894167330326,5.501826428584309,-41.41866733564484,0.2707232204459131,1.2123575481763984,6792.25,live,,,,,none,False
2026-03-08T21:49:57.602175+00:00,E3AH6 P6370,FOP,ES,2026-03-16,P,6370.0,1.0,476.42,26.28512385,1314.26,837.84,0.0,-6.843319053335023,0.02986011931812246,-166.91149986950222,124.21360001316089,0.32475248795515793,-6.843319053335023,6740.35009765625,live,,,,,none,False
2026-03-08T21:49:57.602175+00:00,HPQ   260320C00024000,OPT,HPQ,2026-03-20,C,24.0,-1.0,53.948,0.01081455,-1.08,52.87,0.0,,,,,,,,,,,,,none,False
2026-03-08T21:49:57.602175+00:00,EW3H6 P6575,FOP,ES,2026-03-20,P,6575.0,-1.0,3198.58,70.235054,-3511.75,-313.17,0.0,13.720338673917027,-0.04134426408056777,161.83656043828023,-222.60737827006096,0.29704951255710604,13.720338673917027,6790.69970703125,live,,,,,none,False
2026-03-08T21:49:57.602175+00:00,SPY   260320C00709000,OPT,SPY,2026-03-20,C,709.0,-1.0,572.948,0.1546774,-15.47,557.48,0.0,-2.3864487355878325,-0.3230757311221794,-0.4239907854216407,-8.93809743855694,0.13534015822174056,-2.3864487355878325,,live,,,,,none,False
2026-03-08T21:49:57.602175+00:00,E2CH6 C6915,FOP,ES,2026-03-11,C,6915.0,1.0,1066.42,6.76963995,338.48,-727.94,0.0,5.944514784129658,0.07263470165910994,-160.66202171206783,81.25689078610776,0.17452291112786494,5.944514784129658,6740.35009765625,live,,,,,none,False
2026-03-08T21:49:57.602175+00:00,EXJ6 C6800,FOP,MES,2026-04-30,C,6800.0,-1.0,1159.53,209.2447815,-1046.22,113.31,0.0,-2.560980911220359,-0.003567057831482333,23.209557783175114,-52.27294075152258,0.2049549181623491,-2.560980911220359,6792.25,live,,,,,none,False
2026-03-08T21:49:57.602175+00:00,EXJ6 P6650,FOP,MES,2026-04-30,P,6650.0,3.0,641.66,171.75134275,2576.27,651.29,0.0,,,-30.0,-30.0,,,6788.0,live,,,,,none,False
2026-03-08T21:49:57.602175+00:00,EXK6 P6050,FOP,MES,2026-05-29,P,6050.0,-1.0,419.59,95.2775421,-476.39,-56.8,0.0,0.8997289129516061,-0.0013845204956490372,3.786908763269139,-43.12789389258455,0.2837880657736769,0.8997289129516061,6792.25,live,,,,,none,False
2026-03-08T21:49:57.602175+00:00,EWJ6 P5900,FOP,ES,2026-04-30,P,5900.0,1.0,1551.42,57.37712095,2868.86,1317.44,0.0,-6.181474199122634,0.011489345032860252,-45.2162932236945,273.6685613593181,0.33355573283184164,-6.181474199122634,6790.69970703125,live,,,,,none,False
2026-03-08T21:49:57.602175+00:00,E2AH6 C7070,FOP,ES,2026-03-09,C,7070.0,-1.0,548.58,0.01254835,-0.63,547.95,0.0,-0.08769039636166781,-0.002635427488160488,2.560639772124762,-2.171315181860667,0.16172072345248134,-0.08769039636166781,6740.35009765625,live,,,,,none,False
2026-03-08T21:49:57.602175+00:00,EWJ6 P6700,FOP,ES,2026-04-30,P,6700.0,-1.0,5698.58,192.5437317,-9627.19,-3928.61,0.0,20.655338265823055,-0.032530539778320655,-24.015590749127114,-511.7837887823953,0.22608676563174757,20.655338265823055,6790.69970703125,live,,,,,none,False
2026-03-08T21:49:57.602175+00:00,E3AH6 C7070,FOP,ES,2026-03-16,C,7070.0,1.0,151.42,0.82476775,41.24,-110.18,0.0,0.5387600417929941,0.010503238732343274,-10.554698780935112,19.540101650245845,0.1339000651256359,0.5387600417929941,6740.35009765625,live,,,,,none,False
2026-03-08T21:49:57.602175+00:00,E2AH6 C6910,FOP,ES,2026-03-09,C,6910.0,2.0,653.92,0.91059465,91.06,-1216.78,0.0,3.7539602045698497,0.0925505251020008,-98.14164065053887,55.197872066258924,0.1444059424765041,3.7539602045698497,6740.35009765625,live,,,,,none,False
2026-03-08T21:49:57.602175+00:00,EXH6 C7100,FOP,MES,2026-03-31,C,7100.0,3.0,300.84666665,20.21268465,303.19,-599.35,0.0,2.139565574031911,0.012445539520381245,-19.745604567386863,62.28978647705276,0.15760746854254631,2.139565574031911,6792.25,live,,,,,none,False
2026-03-08T21:49:57.602175+00:00,E4CH6 C6950,FOP,ES,2026-03-25,C,6950.0,-1.0,4248.58,55.54927825,-2777.46,1471.12,0.0,-15.873498048577684,-0.05948100516823673,237.3084876300254,-277.53689614069117,0.1906590147799646,-15.873498048577684,6790.69970703125,live,,,,,none,False
2026-03-08T21:49:57.602175+00:00,E4BH6 C6980,FOP,ES,2026-03-24,C,6980.0,1.0,2796.42,40.0826988,2004.13,-792.29,0.0,13.311696661721701,0.05943585932031491,-206.2547303036581,250.04828822458194,0.18085579026286158,13.311696661721701,6790.69970703125,live,,,,,none,False
2026-03-08T21:49:57.602175+00:00,EWJ6 C7300,FOP,ES,2026-04-30,C,7300.0,2.0,2135.17,15.39463235,1539.46,-2730.88,0.0,9.845127976172511,0.047204813382432785,-116.30390119638605,484.6068809654753,0.1384067447112148,9.845127976172511,6790.69970703125,live,,,,,none,False
2026-03-08T21:49:57.602175+00:00,EXJ6 P6925,FOP,MES,2026-04-30,P,6925.0,-1.0,902.09,271.7286072,-1358.64,-456.55,0.0,2.902279293390384,-0.003850124472795773,0.9429004616845305,-51.22921062347359,0.18707409116944743,2.902279293390384,6792.25,live,,,,,none,False
2026-03-08T21:49:57.602175+00:00,E2DH6 P6805,FOP,ES,2026-03-12,P,6805.0,-1.0,2348.58,116.39647675,-5819.82,-3471.24,0.0,30.04632378801514,-0.09599125196627768,146.8044429923566,-166.60608313384273,0.23169633828329,30.04632378801514,6740.35009765625,live,,,,,none,False
2026-03-08T21:49:57.602175+00:00,ESH6 P6810,FOP,ES,2026-03-20,P,6810.0,-2.0,3467.33,154.94743345,-15494.74,-8560.08,0.0,57.90183855105163,-0.13307733595000362,420.2779035080397,-501.03208650073157,0.22327868240985563,57.90183855105163,6740.35009765625,live,,,,,none,False
2026-03-08T21:49:57.602175+00:00,E1CJ6 P6810,FOP,ES,2026-04-01,P,6810.0,-1.0,6423.58,171.86413575,-8593.21,-2169.63,0.0,24.80313100589622,-0.04849461631951272,1.6909341997688898,-360.72857647714045,0.22423663032080762,24.80313100589622,6790.69970703125,live,,,,,none,False
2026-03-08T21:49:57.602175+00:00,ESH6 P6900,FOP,ES,2026-03-20,P,6900.0,-1.0,5448.58,200.90086365,-10045.04,-4596.46,0.0,35.967653302200794,-0.06587225913775226,151.17315750132718,-232.64421004700893,0.1933182645792228,35.967653302200794,6740.35009765625,live,,,,,none,False
2026-03-08T21:49:57.602175+00:00,EWJ6 P6725,FOP,ES,2026-04-30,P,6725.0,-1.0,5873.58,200.1016083,-10005.08,-4131.5,0.0,21.455288740767408,-0.03333809879419343,-29.98341360412269,-515.7270608714269,0.222200405182641,21.455288740767408,6790.69970703125,live,,,,,none,False
2026-03-08T21:49:57.602175+00:00,EW2H6 C7000,FOP,ES,2026-03-13,C,7000.0,1.0,2226.42,2.28511045,114.26,-2112.16,0.0,1.76019946877235,0.028782698679261427,-41.439190549633054,40.331731849266816,0.1556626990070828,1.76019946877235,6740.35009765625,live,,,,,none,False
2026-03-08T21:49:57.602175+00:00,ESH6 P6760,FOP,ES,2026-03-20,P,6760.0,-2.0,3199.83,134.64489745,-13464.49,-7064.83,0.0,51.033126034443995,-0.12715281222789115,464.60669702550206,-519.5302864095112,0.23868102708721253,51.033126034443995,6740.35009765625,live,,,,,none,False
2026-03-08T21:49:57.602175+00:00,EXH6 P6975,FOP,MES,2026-03-31,P,6975.0,-1.0,749.53,245.5239868,-1227.62,-478.09,0.0,3.459001481789434,-0.0053272252407124635,-4.844949656335301,-31.338661169475017,0.1863766276206077,3.459001481789434,6792.25,live,,,,,none,False
2026-03-08T21:49:57.602175+00:00,E2AH6 C6780,FOP,ES,2026-03-09,C,6780.0,1.0,1551.42,29.7440605,1487.2,-64.22,0.0,20.239327937058793,0.16252845497651797,-487.2714452861601,117.90318014573131,0.19529740758320954,20.239327937058793,6740.35009765625,live,,,,,none,False
2026-03-08T21:49:57.602175+00:00,E2AH6 C6965,FOP,ES,2026-03-09,C,6965.0,1.0,126.42,0.1335992,6.68,-119.74,0.0,0.3831741218996193,0.012131539584283885,-9.892736916408218,7.823725310211316,0.1419070430598709,0.3831741218996193,6740.35009765625,live,,,,,none,False
2026-03-08T21:49:57.602175+00:00,EWJ6 C7075,FOP,ES,2026-04-30,C,7075.0,1.0,4301.42,69.80249785,3490.12,-811.3,0.0,13.97001735738786,0.03809316306867618,-104.22428224296709,447.03469939902334,0.16552315350124108,13.97001735738786,6790.69970703125,live,,,,,none,False
2026-03-08T21:49:57.602175+00:00,EWH6 P6950,FOP,ES,2026-03-31,P,6950.0,-1.0,5198.58,230.1209717,-11506.05,-6307.47,0.0,32.87916947789721,-0.05378097737195384,-81.62377645312519,-326.68369797434025,0.18984252293216547,32.87916947789721,6790.69970703125,live,,,,,none,False
2026-03-08T21:49:57.602175+00:00,AMZN,STK,,,,,3.0,233.50013335,212.5,637.5,-63.0,0.0,0.1625625,,,,,0.1625625,212.5,,,,,,none,False
2026-03-08T21:49:57.602175+00:00,E2CH6 C6815,FOP,ES,2026-03-11,C,6815.0,1.0,2391.42,37.51242065,1875.62,-515.8,0.0,18.01378147230364,0.10734456813858034,-431.8026789788064,147.59787211185085,0.218687717601029,18.01378147230364,6740.35009765625,live,,,,,none,False
2026-03-08T21:49:57.602175+00:00,EWH6 P6650,FOP,ES,2026-03-31,P,6650.0,1.0,4398.92,119.7293701,5986.47,1587.55,0.0,-17.899396034666758,0.04012677790525704,-66.91149542011772,332.05515616823504,0.2591336991714544,-17.899396034666758,6790.69970703125,live,,,,,none,False
2026-03-08T21:49:57.602175+00:00,EW2H6 P6825,FOP,ES,2026-03-13,P,6825.0,-1.0,2823.58,134.99549865,-6749.77,-3926.19,0.0,31.41861903541619,-0.08751881219620382,102.01317021264913,-176.4338992062676,0.2306218014808222,31.41861903541619,6740.35009765625,live,,,,,none,False
2026-03-08T21:49:57.602175+00:00,EXH6 P6825,FOP,MES,2026-03-31,P,6825.0,1.0,860.41,175.4417877,877.21,16.8,0.0,-2.586945609061507,0.005031288995006477,-10.182629590838133,35.31233404857403,0.22225798998259713,-2.586945609061507,6792.25,live,,,,,none,False
2026-03-08T21:49:57.602175+00:00,X2AH6 P6735,FOP,MES,2026-03-09,P,6735.0,-1.0,257.09,47.13171005,-235.66,21.43,0.0,2.2685318412647666,-0.01561619548070643,39.79689215581857,-12.038251209808095,0.20622309956297494,2.2685318412647666,6742.14990234375,live,,,,,none,False
2026-03-08T21:49:57.602175+00:00,E2AH6 C6895,FOP,ES,2026-03-09,C,6895.0,1.0,168.92,1.5439116,77.2,-91.72,0.0,2.9077803352741785,0.06397107717299502,-82.71881819591727,38.22005572685612,0.14735415117567058,2.9077803352741785,6740.35009765625,live,,,,,none,False
2026-03-08T21:49:57.602175+00:00,EX3J6 C7175,FOP,MES,2026-04-17,C,7175.0,-1.0,254.59,27.2518444,-136.26,118.33,0.0,-0.7441955744077532,-0.003362039377268932,8.48163059177466,-27.662321565700836,0.1542882925005045,-0.7441955744077532,6792.25,live,,,,,none,False
2026-03-08T21:49:57.602175+00:00,EXH6 P6725,FOP,MES,2026-03-31,P,6725.0,1.0,317.91,140.4354706,702.18,384.27,0.0,-2.0943079857876,0.004482875892017027,-18.82629402299017,34.67209871489558,0.24320549217069828,-2.0943079857876,6792.25,live,,,,,none,False
2026-03-08T21:49:57.602175+00:00,X2AH6 C6930,FOP,MES,2026-03-09,C,6930.0,1.0,100.41,0.62785445,3.14,-97.27,0.0,0.1081306798506291,0.002869537906143673,-2.793257034476291,1.792916622377163,0.14818788150273773,0.1081306798506291,6742.14990234375,live,,,,,none,False
2026-03-08T21:49:57.602175+00:00,EWH6 C7080,FOP,ES,2026-03-31,C,7080.0,1.0,3501.42,22.63323785,1131.66,-2369.76,0.0,8.359512610468254,0.04488862807729864,-119.07530570476865,228.96707332323558,0.15670255187098908,8.359512610468254,6790.69970703125,live,,,,,none,False
2026-03-08T21:49:57.602175+00:00,MESH6 P6675,FOP,MES,2026-03-20,P,6675.0,1.0,285.41,101.32247925,506.61,221.2,0.0,-2.046985136728257,0.005662055096923769,-24.373553566854227,25.616216199144404,0.2542527553468794,-2.046985136728257,6742.5,live,,,,,none,False
2026-03-08T21:49:57.602175+00:00,E2AH6 C6850,FOP,ES,2026-03-09,C,6850.0,2.0,351.42,6.5040989,650.41,-52.43,0.0,16.607916905760938,0.24582660035369377,-493.2610273605178,155.6458852522837,0.16187459831716516,16.607916905760938,6740.35009765625,live,,,,,none,False
2026-03-08T21:49:57.602175+00:00,E2AH6 C6975,FOP,ES,2026-03-09,C,6975.0,1.0,2486.42,0.09876785,4.94,-2481.48,0.0,0.30508200409569186,0.009804022488282145,-7.877441456071743,6.471934921563971,0.14280159594586475,0.30508200409569186,6740.35009765625,live,,,,,none,False
2026-03-08T21:49:57.602175+00:00,MESH6 C6880,FOP,MES,2026-03-20,C,6880.0,-1.0,484.59,49.09375765,-245.47,239.12,0.0,-1.5698702453543691,-0.006693115116996032,17.55919775524376,-23.243685112387382,0.1986234139660934,-1.5698702453543691,6742.5,live,,,,,none,False
2026-03-08T21:49:57.602175+00:00,EX2H6 C6850,FOP,MES,2026-03-13,C,6850.0,-1.0,502.03,36.1157913,-180.58,321.45,0.0,-1.586255574915151,-0.008660949884610454,31.61675154165323,-16.680338214780477,0.21233907841551805,-1.586255574915151,6742.14990234375,live,,,,,none,False
2026-03-08T21:49:57.602175+00:00,E2AH6 C6955,FOP,ES,2026-03-09,C,6955.0,1.0,176.42,0.1843513,9.22,-167.2,0.0,0.49422649682468406,0.015279613019928426,-12.819689341999752,9.642608351735047,0.14139816788285156,0.49422649682468406,6740.35009765625,live,,,,,none,False
2026-03-08T21:49:57.602175+00:00,E2AH6 P6495,FOP,ES,2026-03-09,P,6495.0,1.0,166.42,5.50528095,275.26,108.84,0.0,-3.3185539408394393,0.03690731933579953,-154.3615475374409,40.653501315438234,0.28503991053657446,-3.3185539408394393,6740.35009765625,live,,,,,none,False
2026-03-08T21:49:57.602175+00:00,EWH6 P6730,FOP,ES,2026-03-31,P,6730.0,1.0,3563.92,142.68940735,7134.47,3570.55,0.0,-21.086671768796393,0.044963579742586614,-39.43152537556216,347.2984656097651,0.24321294345161687,-21.086671768796393,6790.69970703125,live,,,,,none,False
2026-03-08T21:49:57.602175+00:00,MESH6 P6625,FOP,MES,2026-03-20,P,6625.0,1.0,432.91,87.53167725,437.66,4.75,0.0,-1.8041214851776726,0.005195918413669498,-25.385523767398865,24.700889428929287,0.2663327601446616,-1.8041214851776726,6742.5,live,,,,,none,False
2026-03-08T21:49:57.602175+00:00,E2CH6 P6570,FOP,ES,2026-03-11,P,6570.0,-1.0,998.58,30.23345565,-1511.67,-513.09,0.0,10.623397219790009,-0.0619595414126997,289.5684917987637,-115.26631324932168,0.29557637657835645,10.623397219790009,6740.35009765625,live,,,,,none,False
2026-03-08T21:49:57.602175+00:00,E1AJ6 C7150,FOP,ES,2026-04-06,C,7150.0,-1.0,721.08,14.9161968,-745.81,-24.73,0.0,-5.837186159136832,-0.034773392201418375,78.66502856073794,-203.71267419505443,0.14308122596033726,-5.837186159136832,6790.69970703125,live,,,,,none,False
2026-03-08T21:49:57.602175+00:00,E4AH6 C6960,FOP,ES,2026-03-23,C,6960.0,1.0,3626.42,44.62078095,2231.04,-1395.38,0.0,14.483829291096217,0.06202107983010482,-226.66326288343726,252.58872051122125,0.18516611972566321,14.483829291096217,6790.69970703125,live,,,,,none,False
2026-03-08T21:49:57.602175+00:00,EX3J6 C7225,FOP,MES,2026-04-17,C,7225.0,-1.0,184.59,18.58974455,-92.95,91.64,0.0,-0.544055235938131,-0.0028255540270737687,5.6966184486935845,-22.61730742252155,0.14900234790314432,-0.544055235938131,6792.25,live,,,,,none,False
2026-03-08T21:49:57.602175+00:00,E2AH6 C6875,FOP,ES,2026-03-09,C,6875.0,1.0,163.92,3.0374801,151.87,-12.05,0.0,4.898229852778612,0.09086966716384702,-143.1129508098877,55.284966128647284,0.1527449459402423,4.898229852778612,6740.35009765625,live,,,,,none,False
2026-03-08T21:49:57.602175+00:00,EX3J6 C7275,FOP,MES,2026-04-17,C,7275.0,-1.0,127.09,12.38256835,-61.91,65.18,0.0,-0.3815262124375054,-0.002257515170216449,4.11574891530222,-17.746681001405307,0.1446475620877193,-0.3815262124375054,6792.25,live,,,,,none,False
2026-03-08T21:49:57.602175+00:00,MESH6 C7175,FOP,MES,2026-03-20,C,7175.0,-1.0,220.84,0.96263955,-4.81,216.03,0.0,-0.048921486377379024,-0.0007305470786010382,0.8398632538775802,-2.019999780413806,0.14700840582733316,-0.048921486377379024,6742.5,live,,,,,none,False
2026-03-08T21:49:57.602175+00:00,EXH6 P6425,FOP,MES,2026-03-31,P,6425.0,-1.0,418.34,69.6994858,-348.5,69.84,0.0,1.1244166162723412,-0.0027840360571639695,10.399066262496035,-26.838079499553942,0.29345728550854566,1.1244166162723412,6792.25,live,,,,,none,False
2026-03-08T21:49:57.602175+00:00,MESH6 C7125,FOP,MES,2026-03-20,C,7125.0,1.0,286.66,2.23625805,11.18,-275.48,0.0,0.1011258047545335,0.0013652968912752765,-1.482576027502115,3.827896505275097,0.15098248145439602,0.1011258047545335,6742.5,live,,,,,none,False
2026-03-08T21:49:57.602175+00:00,E1AJ6 C7025,FOP,ES,2026-04-06,C,7025.0,2.0,3188.92,48.1326294,4813.26,-1564.58,0.0,26.162882888184924,0.09701512605082166,-334.06806094976673,651.3113445644194,0.1675594082079828,26.162882888184924,6790.69970703125,live,,,,,none,False
2026-03-08T21:49:57.602175+00:00,EXJ6 P6850,FOP,MES,2026-04-30,P,6850.0,-1.0,849.53,238.63616945,-1193.18,-343.65,0.0,2.5974295374470726,-0.003700786564026911,2.545163591448727,-52.23887043908008,0.19768564660762925,2.5974295374470726,6792.25,live,,,,,none,False
2026-03-08T21:49:57.602175+00:00,X2AH6 C6765,FOP,MES,2026-03-09,C,6765.0,-1.0,240.78,35.8506775,-179.25,61.53,0.0,-2.1803862654832438,-0.016475348383586445,47.79099998349693,-11.961513743403884,0.19595754080601868,-2.1803862654832438,6742.14990234375,live,,,,,none,False
2026-03-08T21:49:57.602175+00:00,E4AH6 P6700,FOP,ES,2026-03-23,P,6700.0,1.0,2451.42,106.87667845,5343.83,2892.41,0.0,-19.165590278582474,0.05042970186398522,-77.39386020559778,279.79600092087367,0.2549540332419037,-19.165590278582474,6790.69970703125,live,,,,,none,False
2026-03-08T21:49:57.602175+00:00,EXH6 P7000,FOP,MES,2026-03-31,P,7000.0,-1.0,597.09,260.1665344,-1300.83,-703.74,0.0,3.643808783994766,-0.005200267246774044,2.4395299227762735,-29.57613049686188,0.18029111918467808,3.643808783994766,6792.25,live,,,,,none,False
2026-03-08T21:49:57.602175+00:00,IBIT,STK,,,,,6.0,58.62668335,38.7099991,232.26,-119.5,0.0,0.038709999099999996,,,,,0.038709999099999996,38.7099991,,,,,,none,False
2026-03-08T21:49:57.602175+00:00,E3BH6 C7010,FOP,ES,2026-03-17,C,7010.0,1.0,851.42,4.75387,237.69,-613.73,0.0,3.2083175706077895,0.03771974417572719,-61.98747572114485,79.34919580890494,0.1479762000737847,3.2083175706077895,6740.35009765625,live,,,,,none,False
2026-03-08T21:49:57.602175+00:00,MESH6 C7100,FOP,MES,2026-03-20,C,7100.0,1.0,296.66,3.3083391,16.54,-280.12,0.0,0.14495992135501082,0.0018160291794729834,-2.256297173132956,4.718351079828716,0.15360851095955885,0.14495992135501082,6742.5,live,,,,,none,False
2026-03-08T21:49:57.602175+00:00,SPY   260417C00716000,OPT,SPY,2026-04-17,C,716.0,1.0,295.0505,1.5090406,150.9,-144.15,0.0,,,,,,,,,,,,,none,False
2026-03-08T21:49:57.602175+00:00,E3CH6 P6300,FOP,ES,2026-03-18,P,6300.0,1.0,1076.42,29.8023815,1490.12,413.7,0.0,-6.689364100835669,0.024901335363346835,-155.42947816348374,133.88096332786859,0.34882674868300845,-6.689364100835669,6740.35009765625,live,,,,,none,False
2026-03-08T21:49:57.602175+00:00,E2DH6 C6870,FOP,ES,2026-03-12,C,6870.0,-1.0,2498.58,23.08437345,-1154.22,1344.36,0.0,-12.779465836447967,-0.09061887456239888,315.7107992154579,-140.0509954658787,0.2014882540678394,-12.779465836447967,6740.35009765625,live,,,,,none,False
2026-03-08T21:49:57.602175+00:00,EXJ6 C7125,FOP,MES,2026-04-30,C,7125.0,1.0,427.91,55.3551712,276.78,-151.13,0.0,1.1658982059084815,0.0036125110893867217,-7.2228251955459655,40.93507568331461,0.16195128441661896,1.1658982059084815,6792.25,live,,,,,none,False
2026-03-08T21:49:57.602175+00:00,EW2H6 P6670,FOP,ES,2026-03-13,P,6670.0,1.0,3226.42,72.3439636,3617.2,390.78,0.0,-18.603133370792175,0.07172692974076704,-255.97276996818437,176.46204366324127,0.28139023174664574,-18.603133370792175,6740.35009765625,live,,,,,none,False
2026-03-08T21:49:57.602175+00:00,EWH6 P6790,FOP,ES,2026-03-31,P,6790.0,-1.0,4348.58,162.38713075,-8119.36,-3770.78,0.0,23.83637520624973,-0.0484677971610835,13.944988320713492,-353.22015607962385,0.23000884491954326,23.83637520624973,6790.69970703125,live,,,,,none,False
2026-03-08T21:49:57.602175+00:00,E3AH6 P6390,FOP,ES,2026-03-16,P,6390.0,1.0,526.42,28.2028351,1410.14,883.72,0.0,-7.317308481587184,0.031735423900984314,-170.92701646312207,129.84029985361758,0.3199135019386126,-7.317308481587184,6740.35009765625,live,,,,,none,False
2026-03-08T21:49:57.602175+00:00,GOOG,STK,,,,,4.0,311.84045,298.09,1192.36,-55.0,0.0,0.24045926666666664,,,,,0.24045926666666664,298.09,,,,,,none,False
2026-03-08T21:49:57.602175+00:00,EWJ6 C7255,FOP,ES,2026-04-30,C,7255.0,-1.0,2548.58,21.7869358,-1089.35,1459.23,0.0,-6.37195905198396,-0.02750866633485202,68.77842567363359,-287.23861614816997,0.14266577269626346,-6.37195905198396,6790.69970703125,live,,,,,none,False
2026-03-08T21:49:57.602175+00:00,MESH6 C6860,FOP,MES,2026-03-20,C,6860.0,-1.0,664.53,57.54093935,-287.7,376.83,0.0,-1.727466595253627,-0.0067531425931460064,18.122906118362287,-23.5704289877701,0.20402884517532663,-1.727466595253627,6742.5,live,,,,,none,False
2026-03-08T21:49:57.602175+00:00,E2AH6 P6465,FOP,ES,2026-03-09,P,6465.0,2.0,521.42,4.3050208,430.5,-612.34,0.0,-5.256655904473888,0.05917904009692111,-259.8270584177982,68.02848427616937,0.2957443260847754,-5.256655904473888,6740.35009765625,live,,,,,none,False
2026-03-08T21:49:57.602175+00:00,ITOT,STK,,,,,40.0,131.7095025,146.79800415,5871.92,603.54,0.0,1.0031196950249999,,,,,1.0031196950249999,146.79800415,,,,,,none,False
2026-03-08T21:49:57.602175+00:00,EX4H6 P6650,FOP,MES,2026-03-27,P,6650.0,1.0,250.41,107.47058105,537.35,286.94,0.0,-1.7818449750808063,0.004242401406282074,-21.91307339225432,30.365446100097415,0.26255348229018466,-1.7818449750808063,6792.25,live,,,,,none,False
2026-03-08T21:49:57.602175+00:00,EWH6 P6670,FOP,ES,2026-03-31,P,6670.0,1.0,3201.42,125.13319395,6256.66,3055.24,0.0,-18.649885566558986,0.041326776538491206,-61.94108873480671,336.4752196414429,0.2552996603159408,-18.649885566558986,6790.69970703125,live,,,,,none,False
2026-03-08T21:49:57.602175+00:00,ESH6 P6890,FOP,ES,2026-03-20,P,6890.0,-1.0,4978.58,195.01548765,-9750.77,-4772.19,0.0,35.11568814322733,-0.06634960140689583,172.65662796857697,-232.56992986015632,0.19663480901808303,35.11568814322733,6740.35009765625,live,,,,,none,False
2026-03-08T21:49:57.602175+00:00,EWK6 C7325,FOP,ES,2026-05-29,C,7325.0,-1.0,3048.58,33.32196045,-1666.1,1382.48,0.0,-7.255793851989189,-0.024423871440156234,69.38132063229432,-385.4355188785462,0.1441757511195549,-7.255793851989189,6790.69970703125,live,,,,,none,False
2026-03-08T21:49:57.602175+00:00,ESH6 P6525,FOP,ES,2026-03-20,P,6525.0,1.0,2838.92,67.1090164,3355.45,516.53,0.0,-13.737963462061337,0.042617836067181135,-253.04885917518973,226.2897515398194,0.29507391778212816,-13.737963462061337,6740.35009765625,live,,,,,none,False
2026-03-08T21:49:57.602175+00:00,EXK6 P6100,FOP,MES,2026-05-29,P,6100.0,-1.0,427.09,101.5677948,-507.84,-80.75,0.0,0.9596399497525453,-0.001469791243544302,3.6968249392168673,-44.83627647092135,0.2782131179235458,0.9596399497525453,6792.25,live,,,,,none,False
2026-03-08T21:49:57.602175+00:00,E2AH6 P5750,FOP,ES,2026-03-09,P,5750.0,1.0,51.42,0.1207586,6.04,-45.38,0.0,-0.08351405545091234,0.0007225647507053734,-8.427246137946954,1.7511690626832,0.5900128845876197,-0.08351405545091234,6740.35009765625,live,,,,,none,False
2026-03-08T21:49:57.602175+00:00,AAPL  260417P00240000,OPT,AAPL,2026-04-17,P,240.0,-1.0,409.2988,4.6507654,-465.08,-55.78,0.0,,,,,,,,,,,,,none,False
2026-03-08T21:49:57.602175+00:00,E2AH6 C6795,FOP,ES,2026-03-09,C,6795.0,-1.0,1173.58,23.13475225,-1156.74,16.84,0.0,-17.60870871461034,-0.16112536496741947,441.5844803934533,-113.20496272956007,0.1883145815995167,-17.60870871461034,6740.35009765625,live,,,,,none,False
2026-03-08T21:49:57.602175+00:00,SPY   260417C00712000,OPT,SPY,2026-04-17,C,712.0,-1.0,400.9463,2.1671629,-216.72,184.23,0.0,,,,,,,,,,,,,none,False
2026-03-08T21:49:57.602175+00:00,EXJ6 P6225,FOP,MES,2026-04-30,P,6225.0,-2.0,337.09,90.3422241,-903.42,-229.24,0.0,2.001033320758266,-0.003640054194968384,9.091007679287486,-74.45258130978118,0.2881796496807812,2.001033320758266,6792.25,live,,,,,none,False
2026-03-08T21:49:57.602175+00:00,E3BH6 C7025,FOP,ES,2026-03-17,C,7025.0,1.0,626.42,3.4310589,171.55,-454.87,0.0,2.3325002072201144,0.0305926683450496,-45.12339998798467,62.98484486910638,0.14406211908554648,2.3325002072201144,6740.35009765625,live,,,,,none,False
2026-03-08T21:49:57.602175+00:00,MSFT,STK,,,,,4.0,471.52805,407.4500122,1629.8,-256.31,0.0,0.2849433751985333,,,,,0.2849433751985333,407.4500122,,,,,,none,False
2026-03-08T21:49:57.602175+00:00,MESH6 P6575,FOP,MES,2026-03-20,P,6575.0,-1.0,420.34,75.1303711,-375.65,44.69,0.0,1.5781631951021073,-0.004739118229225768,24.330851930152093,-22.71414341976694,0.27766405905300123,1.5781631951021073,6742.5,live,,,,,none,False
2026-03-08T21:49:57.602175+00:00,ESH6 C7025,FOP,ES,2026-03-20,C,7025.0,-1.0,2773.58,8.2449169,-412.25,2361.33,0.0,-4.369900760183935,-0.03954900979319105,59.49073289198221,-114.05325878641888,0.1570205471116198,-4.369900760183935,6740.35009765625,live,,,,,none,False
2026-03-08T21:49:57.602175+00:00,E2AH6 C6905,FOP,ES,2026-03-09,C,6905.0,1.0,123.92,1.0904441,54.52,-69.4,0.0,2.178819356804707,0.051806784788120425,-61.59121935230374,30.875968223588757,0.1452831829617923,2.178819356804707,6740.35009765625,live,,,,,none,False
2026-03-08T21:49:57.602175+00:00,EX4H6 P6525,FOP,MES,2026-03-27,P,6525.0,-2.0,269.59,79.84505465,-798.45,-259.27,0.0,2.682770701063355,-0.006850290173985214,36.11487190401931,-53.93010281034094,0.28746255259809245,2.682770701063355,6792.25,live,,,,,none,False
2026-03-08T21:49:57.602175+00:00,E2CH6 C6910,FOP,ES,2026-03-11,C,6910.0,-1.0,1633.58,7.6060219,-380.3,1253.28,0.0,-6.5000805080079065,-0.07609069493278495,175.7437718999256,-86.1510334045704,0.1766330281351409,-6.5000805080079065,6740.35009765625,live,,,,,none,False
2026-03-08T21:49:57.602175+00:00,HPQ,STK,,,,,2286.0,30.26602915,19.47999955,44531.28,-24656.86,0.0,7.792973819977501,,,,,7.792973819977501,19.47999955,,,,,,none,False
2026-03-08T21:49:57.602175+00:00,MESH6 P6825,FOP,MES,2026-03-20,P,6825.0,1.0,852.41,159.6053314,798.03,-54.38,0.0,-2.995728488374136,0.006683644164271753,-20.637385845728744,25.08071852928353,0.21371163688615424,-2.995728488374136,6742.5,live,,,,,none,False
2026-03-08T21:49:57.602175+00:00,ESH6 P6825,FOP,ES,2026-03-20,P,6825.0,1.0,3266.42,161.8925476,8094.63,4828.21,0.0,-30.033190158306645,0.06688456886891761,-206.0115685967233,250.78836116475856,0.21839132220448967,-30.033190158306645,6740.35009765625,live,,,,,none,False
2026-03-08T21:49:57.602175+00:00,MESH6 P6525,FOP,MES,2026-03-20,P,6525.0,-1.0,369.59,64.1465683,-320.73,48.86,0.0,1.3651858871459943,-0.004263279044843634,25.224344844121624,-22.63127175081877,0.2885198952741549,1.3651858871459943,6742.5,live,,,,,none,False
2026-03-08T21:49:57.602175+00:00,EX3J6 P6925,FOP,MES,2026-04-17,P,6925.0,1.0,631.41,250.61335755,1253.07,621.66,0.0,-2.9963452595990523,0.004335982323317743,-13.93224512512461,44.33671637817724,0.18982982322917127,-2.9963452595990523,6792.25,live,,,,,none,False
2026-03-08T21:49:57.602175+00:00,E2AH6 P6735,FOP,ES,2026-03-09,P,6735.0,-1.0,2648.58,48.790287,-2439.51,209.07,0.0,22.468923371150566,-0.15242965942832945,406.20425790932586,-120.25011329385507,0.2131365281009697,22.468923371150566,6740.35009765625,live,,,,,none,False
2026-03-08T21:49:57.602175+00:00,E2AH6 P6515,FOP,ES,2026-03-09,P,6515.0,1.0,176.42,6.5647993,328.24,151.82,0.0,-3.9044253899392913,0.04283864841632104,-173.31913960153145,45.89456290531757,0.2785292946968095,-3.9044253899392913,6740.35009765625,live,,,,,none,False
2026-03-08T21:49:57.602175+00:00,X2AH6 C6860,FOP,MES,2026-03-09,C,6860.0,2.0,285.41,4.15635155,41.56,-529.26,0.0,1.3223258495539645,0.021733853088754387,-37.4932360630487,13.492603509954506,0.15075971180979036,1.3223258495539645,6742.14990234375,live,,,,,none,False
2026-03-08T21:49:57.602175+00:00,EWJ6 C6825,FOP,ES,2026-04-30,C,6825.0,-1.0,11298.58,198.75889585,-9937.94,1360.64,0.0,-24.750587904999474,-0.03635254875464606,164.43169283215866,-523.266454280838,0.20607023002984362,-24.750587904999474,6790.69970703125,live,,,,,none,False
2026-03-08T21:49:57.602175+00:00,EWJ6 P6600,FOP,ES,2026-04-30,P,6600.0,1.0,4751.42,165.0716095,8253.58,3502.16,0.0,-17.73308544687089,0.02923235802746732,0.11723783736670157,490.13958444365915,0.2410039491292943,-17.73308544687089,6790.69970703125,live,,,,,none,False
2026-03-08T21:49:57.602175+00:00,AAPL  260417P00235000,OPT,AAPL,2026-04-17,P,235.0,1.0,330.698,3.75431205,375.43,44.73,0.0,-19.473877022307448,0.900924751352993,-10.184560108059417,25.30221728382367,0.35480799832322796,-0.9530553865640218,257.5799865722656,live,,,,,none,False
2026-03-08T21:49:57.602175+00:00,EX4H6 C6825,FOP,MES,2026-03-27,C,6825.0,-1.0,939.53,126.65844725,-633.29,306.24,0.0,-2.4069370684854894,-0.005356684554191561,30.168484099467605,-32.39473436215576,0.22114023870765903,-2.4069370684854894,6792.25,live,,,,,none,False
2026-03-08T21:49:57.602175+00:00,EWH6 P6500,FOP,ES,2026-03-31,P,6500.0,-1.0,3293.58,85.9959793,-4299.8,-1006.22,0.0,13.102261472846271,-0.03162065030319686,87.5084070775074,-290.9093684830168,0.2865180731730866,13.102261472846271,6790.69970703125,live,,,,,none,False
2026-03-08T21:49:57.602175+00:00,AMAT,STK,,,,,2.0,167.17005,325.019989,650.04,315.7,0.0,0.20259579314333337,,,,,0.20259579314333337,325.019989,,,,,,none,False
2026-03-08T21:49:57.602175+00:00,EWH6 C7000,FOP,ES,2026-03-31,C,7000.0,-1.0,3773.58,48.513237,-2425.66,1347.92,0.0,-13.689218253659071,-0.0525629064345698,121.84141553804011,-298.69374545677374,0.17670356397097933,-13.689218253659071,6790.69970703125,live,,,,,none,False
2026-03-08T21:49:57.602175+00:00,EXJ6 C7200,FOP,MES,2026-04-30,C,7200.0,-1.0,319.59,35.7798729,-178.9,140.69,0.0,-0.8430496900049455,-0.003170931316830037,8.78887822233537,-34.15589329451109,0.15391742864764194,-0.8430496900049455,6792.25,live,,,,,none,False
2026-03-08T21:49:57.602175+00:00,E2BH6 P6760,FOP,ES,2026-03-10,P,6760.0,-1.0,3298.58,72.96772765,-3648.39,-349.81,0.0,25.990373205209416,-0.12594085836309837,287.8324089795342,-140.00474180381843,0.22370282883500112,25.990373205209416,6740.35009765625,live,,,,,none,False
2026-03-08T21:49:57.602175+00:00,E3AH6 P6410,FOP,ES,2026-03-16,P,6410.0,1.0,576.42,30.29032515,1514.52,938.1,0.0,-7.829853203040351,0.03371513918068473,-170.0378737141989,135.6710930919121,0.31510979123213034,-7.829853203040351,6740.35009765625,live,,,,,none,False
2026-03-08T21:49:57.602175+00:00,E2AH6 C6960,FOP,ES,2026-03-09,C,6960.0,1.0,151.42,0.15656755,7.83,-143.59,0.0,0.43380602875813123,0.013587940429834579,-11.219488740482486,8.666303227209227,0.14160230932516077,0.43380602875813123,6740.35009765625,live,,,,,none,False
2026-03-08T21:49:57.602175+00:00,MESH6 P7000,FOP,MES,2026-03-20,P,7000.0,-1.0,724.53,273.73953245,-1368.7,-644.17,0.0,4.3937112269944025,-0.004735815614532732,7.553780384646416,-14.460410633172955,0.16955754902145442,4.3937112269944025,6742.5,live,,,,,none,False
2026-03-08T21:49:57.602175+00:00,EXK6 C6825,FOP,MES,2026-05-29,C,6825.0,-1.0,1324.53,234.4847107,-1172.42,152.11,0.0,-2.4910841449372993,-0.0030450202835922077,17.279942821114673,-64.44580955708261,0.1949478478886876,-2.4910841449372993,6792.25,live,,,,,none,False
2026-03-08T21:49:57.602175+00:00,NVDA  260417C00210000,OPT,NVDA,2026-04-17,C,210.0,-1.0,588.948,1.40865265,-140.87,448.08,0.0,,,,,,,,,,,,,none,False
2026-03-08T21:49:57.602175+00:00,E2CH6 P6890,FOP,ES,2026-03-11,P,6890.0,-1.0,4098.58,161.69869995,-8084.93,-3986.35,0.0,41.13298988013903,-0.08793897062301075,-72.68147260169826,-104.35705177269483,0.18530413104981996,41.13298988013903,6740.35009765625,live,,,,,none,False
2026-03-08T21:49:57.602175+00:00,EWJ6 P6850,FOP,ES,2026-04-30,P,6850.0,2.0,7563.92,243.0307617,24303.08,9175.24,0.0,-51.820299588456194,0.0740273053651648,-50.79218060423045,1045.2191439649596,0.20192549937174256,-51.820299588456194,6790.69970703125,live,,,,,none,False
2026-03-08T21:49:57.602175+00:00,MESH6 C6875,FOP,MES,2026-03-20,C,6875.0,1.0,771.66,51.2009239,256.0,-515.66,0.0,1.6102857870187872,0.006710176220306851,-17.700643184627758,23.235361697702785,0.19996335829842324,1.6102857870187872,6742.5,live,,,,,none,False
2026-03-08T21:49:57.602175+00:00,MESH6 P6475,FOP,MES,2026-03-20,P,6475.0,-1.0,417.34,55.40826035,-277.04,140.3,0.0,1.195050861570394,-0.003819725378710802,23.14861140228242,-19.991560075496544,0.2991968416161123,1.195050861570394,6742.5,live,,,,,none,False
2026-03-08T21:49:57.602175+00:00,E2DH6 C6930,FOP,ES,2026-03-12,C,6930.0,-1.0,1648.58,7.531466,-376.57,1272.01,0.0,-5.9830632727865956,-0.06678156083665943,151.62933985426434,-89.4718837427888,0.17371308699374494,-5.9830632727865956,6740.35009765625,live,,,,,none,False
2026-03-08T21:49:57.602175+00:00,E3AH6 C7025,FOP,ES,2026-03-16,C,7025.0,2.0,881.42,2.36145045,236.15,-1526.69,0.0,3.279023430282377,0.0503327141609845,-63.39767376080658,92.44816983245984,0.14072589675997466,3.279023430282377,6740.35009765625,live,,,,,none,False
2026-03-08T21:49:57.602175+00:00,X2AH6 C6735,FOP,MES,2026-03-09,C,6735.0,-7.0,257.26857145,52.0299263,-1821.05,-20.17,0.0,-19.109180223834873,-0.10931336836494501,386.27355381488087,-84.26775846865667,0.20622309956297494,-19.109180223834873,6742.14990234375,live,,,,,none,False
2026-03-08T21:49:57.602175+00:00,E3CH6 P6490,FOP,ES,2026-03-18,P,6490.0,1.0,1516.42,52.92453005,2646.23,1129.81,0.0,-11.598936472244485,0.04041815799889015,-182.56157196732374,187.7375914537197,0.3040261587086085,-11.598936472244485,6740.35009765625,live,,,,,none,False
2026-03-08T21:49:57.602175+00:00,E3DH6 P6790,FOP,ES,2026-03-19,P,6790.0,-1.0,3723.58,143.93515015,-7196.76,-3473.18,0.0,27.173504603860554,-0.06642918479713115,60.81062919411124,-251.88443956512856,0.23119340638986052,27.173504603860554,6740.35009765625,live,,,,,none,False
2026-03-08T21:49:57.602175+00:00,EX2H6 P6580,FOP,MES,2026-03-13,P,6580.0,1.0,175.41,46.63549425,233.18,57.77,0.0,-1.334398072893125,0.005783045756362677,-28.912185102586818,15.397448399232871,0.29623682027120385,-1.334398072893125,6742.14990234375,live,,,,,none,False
2026-03-08T21:49:57.602175+00:00,EXH6 P6450,FOP,MES,2026-03-31,P,6450.0,-1.0,435.84,73.80537415,-369.03,66.81,0.0,1.1841076314178198,-0.002910356454421525,10.308143946876951,-27.60268031884607,0.28931466900356234,1.1841076314178198,6792.25,live,,,,,none,False
2026-03-08T21:49:57.602175+00:00,E2DH6 C6925,FOP,ES,2026-03-12,C,6925.0,-1.0,1748.58,8.4135132,-420.68,1327.9,0.0,-6.5146769395899735,-0.06971297471363912,165.11383332600076,-94.5886112865992,0.17586525051477575,-6.5146769395899735,6740.35009765625,live,,,,,none,False
2026-03-08T21:49:57.602175+00:00,FXE,STK,,,,,2.0,107.5,107.1610031,214.32,-0.68,0.0,0.03572033436666667,,,,,0.03572033436666667,107.1610031,,,,,,none,False
2026-03-08T21:49:57.602175+00:00,MESH6 P6950,FOP,MES,2026-03-20,P,6950.0,-1.0,799.53,234.9866028,-1174.93,-375.4,0.0,4.0056752921319925,-0.0059635633862714695,11.690878044019826,-17.6459593902257,0.18077836494903096,4.0056752921319925,6742.5,live,,,,,none,False
2026-03-08T21:49:57.602175+00:00,E2AH6 P6715,FOP,ES,2026-03-09,P,6715.0,1.0,701.42,41.3967705,2069.84,1368.42,0.0,-19.611684172888804,0.14329429826552262,-384.5939490875253,116.92943797479529,0.22056399153233416,-19.611684172888804,6740.35009765625,live,,,,,none,False
2026-03-08T21:49:57.602175+00:00,E2BH6 C6875,FOP,ES,2026-03-10,C,6875.0,2.0,413.92,8.3047838,830.48,2.64,0.0,16.308897002783045,0.19736481710498824,-461.45607006224054,177.77581352365814,0.17328919190148756,16.308897002783045,6740.35009765625,live,,,,,none,False
2026-03-08T21:49:57.602175+00:00,E4CH6 C6990,FOP,ES,2026-03-25,C,6990.0,-1.0,3561.08,39.3373871,-1966.87,1594.21,0.0,-12.919447223888683,-0.057586834794618284,197.23638390196356,-253.24283182966383,0.17930898417931576,-12.919447223888683,6790.69970703125,live,,,,,none,False
2026-03-08T21:49:57.602175+00:00,X2AH6 C6925,FOP,MES,2026-03-09,C,6925.0,1.0,110.41,0.72842995,3.64,-106.77,0.0,0.13764094036544702,0.0034992753393423394,-3.7540107822813695,2.166911967551357,0.14820738197799888,0.13764094036544702,6742.14990234375,live,,,,,none,False
2026-03-08T21:49:57.602175+00:00,EXK6 P6575,FOP,MES,2026-05-29,P,6575.0,1.0,857.91,190.1390686,950.7,92.79,0.0,-1.7830979932222235,0.002476943836544585,-1.171524229634997,60.54385290270375,0.22432756847344695,-1.7830979932222235,6792.25,live,,,,,none,False
2026-03-08T21:49:57.602175+00:00,E3AH6 P6775,FOP,ES,2026-03-16,P,6775.0,-1.0,3111.08,119.1023178,-5955.12,-2844.04,0.0,26.529187904258677,-0.07788349994635106,93.6339290904698,-221.53628093894895,0.2265978436676099,26.529187904258677,6740.35009765625,live,,,,,none,False
2026-03-08T21:49:57.602175+00:00,E3CH6 C7010,FOP,ES,2026-03-18,C,7010.0,-1.0,3131.08,7.3807621,-369.04,2762.04,0.0,-4.480715304484166,-0.0430486056342993,83.19003540350423,-104.61627565858294,0.15697610554328395,-4.480715304484166,6740.35009765625,live,,,,,none,False
2026-03-08T21:49:57.602175+00:00,X2AH6 P6640,FOP,MES,2026-03-09,P,6640.0,1.0,117.91,19.83952715,99.2,-18.71,0.0,-1.1186257185771031,0.010228577712349564,-34.191579771543275,9.183282994165438,0.23556291735567225,-1.1186257185771031,6742.14990234375,live,,,,,none,False
2026-03-08T21:49:57.602175+00:00,E4CH6 P6790,FOP,ES,2026-03-25,P,6790.0,-1.0,3623.58,144.5393982,-7226.97,-3603.39,0.0,23.85630610244026,-0.05395836489174872,45.98074353223182,-308.05522771083815,0.2347946518538184,23.85630610244026,6790.69970703125,live,,,,,none,False
2026-03-08T21:49:57.602175+00:00,MESH6 P6925,FOP,MES,2026-03-20,P,6925.0,-2.0,737.655,217.4382782,-2174.38,-699.07,0.0,7.605584364684485,-0.012676646032426034,28.722079599880033,-41.35216605166988,0.18693896278136035,7.605584364684485,6742.5,live,,,,,none,False
2026-03-08T21:49:57.602175+00:00,ESH6 P6375,FOP,ES,2026-03-20,P,6375.0,2.0,1222.67,44.09252165,4409.25,1963.91,0.0,-18.267297868450623,0.06082216260779817,-419.7661158576018,337.91019310930824,0.3294785811520716,-18.267297868450623,6740.35009765625,live,,,,,none,False
2026-03-08T21:49:57.602175+00:00,E2AH6 C6880,FOP,ES,2026-03-09,C,6880.0,1.0,1326.42,2.5777669,128.89,-1197.53,0.0,4.332094026676348,0.0840047909118507,-125.87490253251872,50.796446845856735,0.1512421674649813,4.332094026676348,6740.35009765625,live,,,,,none,False
2026-03-08T21:49:57.602175+00:00,EX4H6 P6500,FOP,MES,2026-03-27,P,6500.0,-2.0,253.34,75.15494535,-751.55,-244.87,0.0,2.5389390554929085,-0.006548122192593284,30.78230257716541,-52.466041448524265,0.2920607321392371,2.5389390554929085,6792.25,live,,,,,none,False
2026-03-08T21:49:57.602175+00:00,ESH6 P6225,FOP,ES,2026-03-20,P,6225.0,1.0,603.92,29.6232853,1481.16,877.24,0.0,-6.181485288926102,0.021207537653411705,-187.56214360408362,136.57170878664164,0.3641681377428508,-6.181485288926102,6740.35009765625,live,,,,,none,False
2026-03-08T21:49:57.602175+00:00,EXH6 P6925,FOP,MES,2026-03-31,P,6925.0,-2.0,745.155,219.0359497,-2190.36,-700.05,0.0,6.278498718579316,-0.010714144146760429,-0.2383902200290322,-67.17527335083105,0.19855150319151402,6.278498718579316,6792.25,live,,,,,none,False
2026-03-08T21:49:57.602175+00:00,EW4H6 C7200,FOP,ES,2026-03-27,C,7200.0,1.0,3076.42,3.1940298,159.7,-2916.72,0.0,1.854668058701522,0.01877084331144035,-30.345796105882528,74.09955630755718,0.13567077924392773,1.854668058701522,6790.69970703125,live,,,,,none,False
2026-03-08T21:49:57.602175+00:00,EX3H6 P6925,FOP,MES,2026-03-20,P,6925.0,-1.0,649.53,187.201416,-936.01,-286.48,0.0,3.361804845370812,-0.0067359448608590245,5.636386951855456,-24.06344431517482,0.19939806628016318,3.361804845370812,6792.25,live,,,,,none,False
2026-03-08T21:49:57.602175+00:00,E3CH6 P6620,FOP,ES,2026-03-18,P,6620.0,-1.0,3438.58,80.1667938,-4008.34,-569.76,0.0,16.989598099874716,-0.05382503147574242,160.0017506396398,-224.19447784018303,0.2733548236274773,16.989598099874716,6740.35009765625,live,,,,,none,False
2026-03-08T21:49:57.602175+00:00,EWH6 P6250,FOP,ES,2026-03-31,P,6250.0,1.0,1098.92,51.1798897,2558.99,1460.07,0.0,-7.777206276803425,0.02011968723395521,-94.34614637910954,215.0748168374662,0.33223484544614684,-7.777206276803425,6790.69970703125,live,,,,,none,False
2026-03-08T21:49:57.602175+00:00,E2AH6 P6490,FOP,ES,2026-03-09,P,6490.0,1.0,158.92,5.27590465,263.8,104.88,0.0,-3.1890423519642974,0.03556213064048141,-149.90917200924798,39.44854184831854,0.28674625386693076,-3.1890423519642974,6740.35009765625,live,,,,,none,False
2026-03-08T21:49:57.602175+00:00,E2AH6 P6850,FOP,ES,2026-03-09,P,6850.0,-1.0,2273.58,116.5795517,-5828.98,-3555.4,0.0,41.680189842948664,-0.12291330017684689,-76.32178311023381,-77.82294262610776,0.16187459831716516,41.680189842948664,6740.35009765625,live,,,,,none,False
2026-03-08T21:49:57.602175+00:00,EWH6 P6725,FOP,ES,2026-03-31,P,6725.0,1.0,4638.92,141.14888,7057.44,2418.52,0.0,-20.872243691891704,0.04466136958902121,-41.197138593406635,346.5589494328924,0.24425973014637797,-20.872243691891704,6790.69970703125,live,,,,,none,False
2026-03-08T21:49:57.602175+00:00,E1CJ6 P6625,FOP,ES,2026-04-01,P,6625.0,1.0,2653.92,116.0565262,5802.83,3148.91,0.0,-17.09624265336238,0.03811978274050536,-79.20164150061737,333.19856632269875,0.26287096008075156,-17.09624265336238,6790.69970703125,live,,,,,none,False
2026-03-08T21:49:57.602175+00:00,EW2H6 C6980,FOP,ES,2026-03-13,C,6980.0,-1.0,1448.58,3.82093765,-191.05,1257.53,0.0,-3.036009257949001,-0.041473200678330796,72.90969140324535,-60.34469773685487,0.16199492763342782,-3.036009257949001,6740.35009765625,live,,,,,none,False
2026-03-08T21:49:57.602175+00:00,E4CH6 P6680,FOP,ES,2026-03-25,P,6680.0,-1.0,4998.58,109.89710235,-5494.86,-496.28,0.0,18.548875173236393,-0.04622989588298189,89.98035790143604,-292.8971616503759,0.26006803657521,18.548875173236393,6790.69970703125,live,,,,,none,False
2026-03-08T21:49:57.602175+00:00,E2BH6 P6400,FOP,ES,2026-03-10,P,6400.0,1.0,271.42,7.1054716,355.27,83.85,0.0,-3.1007281694850493,0.025837220898074078,-153.95473977322922,44.425131991411604,0.3381792230732494,-3.1007281694850493,6740.35009765625,live,,,,,none,False
2026-03-08T21:49:57.602175+00:00,QQQ,STK,,,,,1.0,585.9005,598.7999878,598.8,12.9,0.0,0.09979999796666668,,,,,0.09979999796666668,598.7999878,,,,,,none,False
2026-03-08T21:49:57.602175+00:00,E3AH6 P6375,FOP,ES,2026-03-16,P,6375.0,1.0,436.42,26.74970245,1337.49,901.07,0.0,-6.958356958190749,0.030319167761489824,-167.9204355817717,125.60063008393172,0.32353928931988174,-6.958356958190749,6740.35009765625,live,,,,,none,False
2026-03-08T21:49:57.602175+00:00,MESH6 P6450,FOP,MES,2026-03-20,P,6450.0,-1.0,398.59,51.2663994,-256.33,142.26,0.0,1.1251523914983987,-0.003626157679980906,23.535262407508704,-19.948974604141263,0.30454396359530006,1.1251523914983987,6742.5,live,,,,,none,False
2026-03-08T21:49:57.602175+00:00,E3CH6 P7000,FOP,ES,2026-03-18,P,7000.0,1.0,7351.42,268.5748291,13428.74,6077.32,0.0,-44.75044951464856,0.046791779784453216,29.57655189829893,115.5625696153038,0.1597418169970952,-44.75044951464856,6740.35009765625,live,,,,,none,False
2026-03-08T21:49:57.602175+00:00,EW3H6 C7150,FOP,ES,2026-03-20,C,7150.0,3.0,4926.42,2.8756523,431.35,-14347.91,0.0,5.079735347203605,0.06083614496707958,-97.42066095416533,168.30138582442373,0.14719281024578063,5.079735347203605,6790.69970703125,live,,,,,none,False
2026-03-08T21:49:57.602175+00:00,EWJ6 C7250,FOP,ES,2026-04-30,C,7250.0,-3.0,3936.08,22.6166172,-3392.49,8415.75,0.0,-19.6426498180791,-0.08378550422746983,227.57621026999004,-876.8470779289146,0.14317951190388242,-19.6426498180791,6790.69970703125,live,,,,,none,False
2026-03-08T21:49:57.602175+00:00,E2AH6 C6970,FOP,ES,2026-03-09,C,6970.0,-1.0,2473.58,0.11457245,-5.73,2467.85,0.0,-0.34072786875536415,-0.010879745249517021,8.792140757995526,-7.0976180858565385,0.14230837732934698,-0.34072786875536415,6740.35009765625,live,,,,,none,False
2026-03-08T21:49:57.602175+00:00,X2AH6 P6745,FOP,MES,2026-03-09,P,6745.0,-1.0,259.53,51.534256,-257.67,1.86,0.0,2.4247823564614714,-0.0159949520162609,38.703906045395804,-12.108129265131993,0.2029146569136849,2.4247823564614714,6742.14990234375,live,,,,,none,False
2026-03-08T21:49:57.602175+00:00,SPY,STK,,,,,38.0,693.3501421,671.47998045,25516.24,-831.07,0.0,4.25695924939285,,,,,4.25695924939285,671.47998045,,,,,,none,False
2026-03-08T21:49:57.602175+00:00,VTI,STK,,,,,19.0,286.3805684,331.1499939,6291.85,850.62,0.0,1.0706631219443499,,,,,1.0706631219443499,331.1499939,,,,,,none,False
2026-03-08T21:49:57.602175+00:00,E4CH6 C7070,FOP,ES,2026-03-25,C,7070.0,1.0,1701.42,16.21681405,810.84,-890.58,0.0,7.124828298711479,0.04619874648593869,-107.71660900797997,180.73288643750516,0.15778152395971798,7.124828298711479,6790.69970703125,live,,,,,none,False
2026-03-08T21:49:57.602175+00:00,NVDA,STK,,,,,15.0,191.89009335,178.0299988,2670.45,-207.9,0.0,1.0396951929919998,,,,,1.0396951929919998,178.0299988,,,,,,none,False
2026-03-08T21:49:57.602175+00:00,HPQ   260320C00023000,OPT,HPQ,2026-03-20,C,23.0,-1.0,32.948,0.01882775,-1.88,31.07,0.0,,,,,,,,,,,,,none,False
2026-03-08T21:49:57.602175+00:00,E3DH6 P6725,FOP,ES,2026-03-19,P,6725.0,1.0,2701.42,118.8087311,5940.44,3239.02,0.0,-22.930983929300965,0.0615927645257711,-107.14833494805589,252.05928616196616,0.24994653591601304,-22.930983929300965,6740.35009765625,live,,,,,none,False
2026-03-08T21:49:57.602175+00:00,VOO,STK,,,,,9.0,579.59505555,617.9500122,5561.55,345.19,0.0,0.9232173182268,,,,,0.9232173182268,617.9500122,,,,,,none,False
2026-03-08T21:49:57.602175+00:00,E4DH6 C7175,FOP,ES,2026-03-26,C,7175.0,-1.0,1241.08,4.1277838,-206.39,1034.69,0.0,-2.246407039574043,-0.022189166592904583,36.89130446241222,-83.41082637230954,0.13883953994456935,-2.246407039574043,6790.69970703125,live,,,,,none,False
2026-03-08T21:49:57.602175+00:00,E2AH6 C6790,FOP,ES,2026-03-09,C,6790.0,-1.0,1848.58,25.25520705,-1262.76,585.82,0.0,-18.49347067690768,-0.1619415362349724,457.8415715985102,-115.02038431399342,0.19070971010192855,-18.49347067690768,6740.35009765625,live,,,,,none,False
2026-03-08T21:49:57.602175+00:00,EX4H6 P6850,FOP,MES,2026-03-27,P,6850.0,-2.0,457.06,171.781723,-1717.82,-803.7,0.0,5.446881949294692,-0.010938221426806732,5.765942949337841,-64.44294815969442,0.21498707737196068,5.446881949294692,6792.25,live,,,,,none,False
2026-03-08T21:49:57.602175+00:00,ESH6 P6300,FOP,ES,2026-03-20,P,6300.0,1.0,741.42,35.6374359,1781.87,1040.45,0.0,-7.47140558087421,0.02545567229527469,-180.8145948692676,167.93470012174618,0.3468489658334751,-7.47140558087421,6740.35009765625,live,,,,,none,False
2026-03-08T21:49:57.602175+00:00,EWH6 P6475,FOP,ES,2026-03-31,P,6475.0,1.0,3128.92,81.464592,4073.23,944.31,0.0,-12.432513034136571,0.03030202381763699,-92.12538583425385,283.26645675410873,0.29102864102628767,-12.432513034136571,6790.69970703125,live,,,,,none,False
2026-03-08T21:49:57.602175+00:00,E4AH6 P6820,FOP,ES,2026-03-23,P,6820.0,-1.0,3548.58,147.28285215,-7364.14,-3815.56,0.0,25.63547023721685,-0.05937500143585164,38.41250196310284,-291.70196478180515,0.22574870811292932,25.63547023721685,6790.69970703125,live,,,,,none,False
2026-03-08T21:49:57.602175+00:00,E2AH6 C6950,FOP,ES,2026-03-09,C,6950.0,1.0,161.42,0.2180061,10.9,-150.52,0.0,0.5662962949559349,0.01723927604269404,-14.749161287249013,10.771222470866348,0.14129793041335154,0.5662962949559349,6740.35009765625,live,,,,,none,False
2026-03-08T21:49:57.602175+00:00,E2AH6 P6775,FOP,ES,2026-03-09,P,6775.0,1.0,1581.42,67.20345305,3360.17,1778.75,0.0,-28.88803672024306,0.16241185959400675,-340.1036745758802,118.98435914956735,0.19747646372326996,-28.88803672024306,6740.35009765625,live,,,,,none,False
2026-03-08T21:49:57.602175+00:00,E4AH6 C7000,FOP,ES,2026-03-23,C,7000.0,-1.0,3648.58,30.10276415,-1505.14,2143.44,0.0,-11.352160225761041,-0.058609069634958495,181.64890843601145,-224.28918761245313,0.17360185001431747,-11.352160225761041,6790.69970703125,live,,,,,none,False
2026-03-08T21:49:57.602175+00:00,AAPL  260417C00295000,OPT,AAPL,2026-04-17,C,295.0,1.0,101.0505,0.49720245,49.72,-51.33,0.0,,,,,,,,,,,,,none,False
2026-03-08T21:49:57.602175+00:00,EWH6 P6590,FOP,ES,2026-03-31,P,6590.0,-1.0,3258.58,104.81690215,-5240.85,-1982.27,0.0,15.812407062331932,-0.03661222063213069,78.89251103649711,-316.9697809499212,0.27026115232323555,15.812407062331932,6790.69970703125,live,,,,,none,False
2026-03-08T21:49:57.602175+00:00,ESH6 C7050,FOP,ES,2026-03-20,C,7050.0,1.0,2001.42,5.4587302,272.94,-1728.48,0.0,2.9912164859616595,0.031211654501197488,-41.58000117195151,86.1980209723205,0.15152507959128697,2.9912164859616595,6740.35009765625,live,,,,,none,False
2026-03-08T21:49:57.602175+00:00,MESH6 P6920,FOP,MES,2026-03-20,P,6920.0,-1.0,564.53,214.125885,-1070.63,-506.1,0.0,3.7609249106142966,-0.0063973955875822035,14.490220313916351,-20.669925268299778,0.1882035368158272,3.7609249106142966,6742.5,live,,,,,none,False
2026-03-08T21:49:57.602175+00:00,E2AH6 P6520,FOP,ES,2026-03-09,P,6520.0,1.0,183.92,6.869215,343.46,159.54,0.0,-4.069851219248029,0.04446694497259933,-186.73564893003345,47.31778068681365,0.276978422934191,-4.069851219248029,6740.35009765625,live,,,,,none,False
2026-03-08T21:49:57.602175+00:00,XYLD,STK,,,,,13.0,40.20986925,40.17369845,522.26,-0.47,0.0,0.04012682913514167,,,,,0.04012682913514167,40.17369845,,,,,,none,False
2026-03-08T21:49:57.602175+00:00,EXJ6 P6325,FOP,MES,2026-04-30,P,6325.0,-1.0,422.09,104.64684295,-523.23,-101.14,0.0,1.1665491129794319,-0.0020824148712756895,5.588876663686051,-40.579759003486515,0.27424282707409237,1.1665491129794319,6792.25,live,,,,,none,False
2026-03-08T21:49:57.602175+00:00,E2AH6 P6660,FOP,ES,2026-03-09,P,6660.0,1.0,1696.42,25.8255272,1291.28,-405.14,0.0,-13.101698756369135,0.11225093560200769,-350.1637742508706,99.73325689546755,0.2389604057687969,-13.101698756369135,6740.35009765625,live,,,,,none,False
2026-03-08T21:49:57.602175+00:00,MESH6 C7000,FOP,MES,2026-03-20,C,7000.0,1.0,380.41,13.9038334,69.52,-310.89,0.0,0.6028987225076489,0.004716670782767995,-7.663029727976287,14.488123600291631,0.16955754902145442,0.6028987225076489,6742.5,live,,,,,none,False
2026-03-08T21:49:57.602175+00:00,EXJ6 P6750,FOP,MES,2026-04-30,P,6750.0,1.0,645.41,201.7987213,1008.99,363.58,0.0,-2.234395629124372,0.0034166426328742497,-4.22088745875044,51.89980118489984,0.2123071147858633,-2.234395629124372,6792.25,live,,,,,none,False
2026-03-08T21:49:57.602175+00:00,MESH6 C7060,FOP,MES,2026-03-20,C,7060.0,-1.0,159.59,6.1012163,-30.51,129.08,0.0,-0.2693568047091165,-0.0028636367936753526,3.413427702814489,-8.329823297598628,0.1588574800537893,-0.2693568047091165,6742.5,live,,,,,none,False
2026-03-08T21:49:57.602175+00:00,EWJ6 P6450,FOP,ES,2026-04-30,P,6450.0,1.0,5576.42,130.91485595,6545.74,969.32,0.0,-14.092390419220472,0.02442512950505492,-17.820329622315967,446.40149092559795,0.26182275409438693,-14.092390419220472,6790.69970703125,live,,,,,none,False
2026-03-08T21:49:57.602175+00:00,EXJ6 P6250,FOP,MES,2026-04-30,P,6250.0,-2.0,352.09,93.70552825,-937.06,-232.88,0.0,2.0791011835161495,-0.0037663347406271183,18.229278446860917,-76.12080257978505,0.28471495189651386,2.0791011835161495,6792.25,live,,,,,none,False
2026-03-08T21:49:57.602175+00:00,EWJ6 P6900,FOP,ES,2026-04-30,P,6900.0,-2.0,9246.08,263.2020569,-26320.21,-7828.05,0.0,55.82995490092444,-0.07628728475815298,-155.71238412221646,-1034.9283046416986,0.1935845000291869,55.82995490092444,6790.69970703125,live,,,,,none,False
2026-03-08T21:49:57.602175+00:00,ESH6 P6475,FOP,ES,2026-03-20,P,6475.0,-1.0,2793.58,58.26921845,-2913.46,-119.88,0.0,12.001611883999969,-0.03828217297464546,231.5558353795481,-199.89641568658314,0.3063632884510132,12.001611883999969,6740.35009765625,live,,,,,none,False
2026-03-08T21:49:57.602175+00:00,EWJ6 C7400,FOP,ES,2026-04-30,C,7400.0,5.0,1133.92,6.7567787,1689.19,-3980.41,0.0,12.88946331278675,0.07587940607074696,-158.64892437708988,767.8329428493385,0.1313759141458897,12.88946331278675,6790.69970703125,live,,,,,none,False
2026-03-08T21:49:57.602175+00:00,NVDA  260417C00220000,OPT,NVDA,2026-04-17,C,220.0,1.0,361.0488,0.61490075,61.49,-299.56,0.0,,,,,,,,,,,,,none,False
2026-03-08T21:49:57.602175+00:00,E2AH6 C6900,FOP,ES,2026-03-09,C,6900.0,-2.0,836.08,1.30364525,-130.36,1541.8,0.0,-5.043715802259166,-0.11544809896352189,143.94731807946215,-68.8483783016352,0.14626621980869436,-5.043715802259166,6740.35009765625,live,,,,,none,False
2026-03-08T21:49:57.602175+00:00,E2AH6 P6525,FOP,ES,2026-03-09,P,6525.0,1.0,191.42,7.1911335,359.56,168.14,0.0,,,,,,,,,,,,,none,False
2026-03-08T21:49:57.602175+00:00,EWJ6 C7100,FOP,ES,2026-04-30,C,7100.0,1.0,4001.42,60.74760435,3037.38,-964.04,0.0,12.815797130306642,0.037307399525791166,-96.84262880077767,429.33333656912964,0.1618740808671014,12.815797130306642,6790.69970703125,live,,,,,none,False
2026-03-08T21:49:57.602175+00:00,HPQ   260402C00020500,OPT,HPQ,2026-04-02,C,20.5,-1.0,34.3688,0.4057316,-40.57,-6.2,0.0,,,,,,,,,,,,,none,False
2026-03-08T21:49:57.602175+00:00,E3BH6 P6775,FOP,ES,2026-03-17,P,6775.0,-1.0,2621.08,124.793602,-6239.68,-3618.6,0.0,26.3998436475947,-0.07367357314446366,83.91056246534845,-232.47376498777612,0.22833601756903307,26.3998436475947,6740.35009765625,live,,,,,none,False
2026-03-08T21:49:57.602175+00:00,E3AH6 P6380,FOP,ES,2026-03-16,P,6380.0,1.0,501.42,27.2240448,1361.2,859.78,0.0,-7.075673449410274,0.030784727103708442,-168.92643915169288,127.00087207122692,0.3223284266020364,-7.075673449410274,6740.35009765625,live,,,,,none,False
2026-03-08T21:49:57.602175+00:00,MESH6 P6960,FOP,MES,2026-03-20,P,6960.0,-2.0,496.435,242.38119505,-2423.81,-1430.94,0.0,8.181603981213458,-0.011492883924999754,22.952349288738674,-35.3036685823227,0.17840127327741406,8.181603981213458,6742.5,live,,,,,none,False
2026-03-08T21:49:57.602175+00:00,EXH6 C7150,FOP,MES,2026-03-31,C,7150.0,4.0,482.5975,11.53549765,230.71,-1699.68,0.0,1.7719446712346574,0.012789917663187121,-24.53126988106987,60.698483922358264,0.14862900028997555,1.7719446712346574,6792.25,live,,,,,none,False
2026-03-08T21:49:57.602175+00:00,EX4H6 P6800,FOP,MES,2026-03-27,P,6800.0,2.0,541.16,152.30978395,1523.1,440.78,0.0,-4.931019084022635,0.010455842195026769,-25.738462930858077,64.8032997049404,0.22730562664915038,-4.931019084022635,6792.25,live,,,,,none,False
2026-03-08T21:49:57.602175+00:00,EW2H6 P6735,FOP,ES,2026-03-13,P,6735.0,-1.0,4803.58,94.93421935,-4746.71,56.87,0.0,23.383781041075512,-0.08105642144899475,216.7588718667048,-185.1922028330364,0.2633284155057176,23.383781041075512,6740.35009765625,live,,,,,none,False
2026-03-08T21:49:57.602175+00:00,ESH6 C6925,FOP,ES,2026-03-20,C,6925.0,-1.0,4268.58,31.74116135,-1587.06,2681.52,0.0,-11.968471520326224,-0.06316983948283171,144.91264858381675,-206.78177606273138,0.18520976294247207,-11.968471520326224,6740.35009765625,live,,,,,none,False
2026-03-08T21:49:57.602175+00:00,ESH6 P6450,FOP,ES,2026-03-20,P,6450.0,1.0,2631.42,54.27562715,2713.78,82.36,0.0,-11.21972973075033,0.036188944969314595,-235.44169300729294,199.50329524799955,0.3120968125692648,-11.21972973075033,6740.35009765625,live,,,,,none,False
2026-03-08T21:49:57.602175+00:00,E2DH6 C6970,FOP,ES,2026-03-12,C,6970.0,1.0,2646.42,2.78456615,139.23,-2507.19,0.0,2.384161424578639,0.03848903438697322,-59.07490653373486,46.81717613617878,0.15869281265920357,2.384161424578639,6740.35009765625,live,,,,,none,False
2026-03-08T21:49:57.602175+00:00,EXJ6 P7000,FOP,MES,2026-04-30,P,7000.0,-1.0,899.53,310.38497925,-1551.92,-652.39,0.0,3.231894265657135,-0.0038986543291304526,-0.9559777970753203,-48.78662833429189,0.1770175822382626,3.231894265657135,6792.25,live,,,,,none,False
2026-03-08T21:49:57.602175+00:00,HPQ   260320C00020000,OPT,HPQ,2026-03-20,C,20.0,-8.0,26.6697,0.3115011,-249.2,-35.84,0.0,,,,,,,,,,,,,none,False
2026-03-08T21:49:57.602175+00:00,AMD   260320P00177500,OPT,AMD,2026-03-20,P,177.5,-1.0,524.2988,4.61425735,-461.43,62.87,0.0,,,,,,,,,,,,,none,False
2026-03-08T21:49:57.602175+00:00,ARTY,STK,,,,,114.0,32.63135,47.9474983,5466.01,1746.04,0.0,1.3601266842761,,,,,1.3601266842761,47.9474983,,,,,,none,False
2026-03-08T21:49:57.602175+00:00,AAPL  260417C00290000,OPT,AAPL,2026-04-17,C,290.0,-1.0,156.9463,0.7879998,-78.8,78.15,0.0,-8.786306175121844,-0.7570109557190896,3.9730081911316875,-13.744579809128899,0.2438571539967488,-0.43000355905546284,257.5799865722656,live,,,,,none,False
2026-03-08T21:49:57.602175+00:00,E2BH6 C6745,FOP,ES,2026-03-10,C,6745.0,-1.0,3161.08,61.34041595,-3067.02,94.06,0.0,,,,,,,,,,,,,none,False
2026-03-08T21:49:57.602175+00:00,E2BH6 P6705,FOP,ES,2026-03-10,P,6705.0,1.0,976.42,51.3042984,2565.21,1588.79,0.0,,,,,,,,,,,,,none,False
2026-03-08T21:49:57.602175+00:00,EX3K6 P6750,FOP,MES,2026-05-15,P,6750.0,-2.0,1120.78,225.84220885,-2258.42,-16.86,0.0,4.475368316538348,-0.006177134394953983,-5.669429457120714,-116.9627990974186,0.20901200756393154,4.475368316538348,6792.25,live,,,,,none,False
2026-03-08T21:49:57.602175+00:00,X2AH6 C6820,FOP,MES,2026-03-09,C,6820.0,7.0,68.6242857,13.7073841,479.76,-0.61,0.0,8.526075252453232,0.10291016656775802,-220.94682817443754,67.4886898211821,0.17385612497566422,8.526075252453232,6742.14990234375,live,,,,,none,False
2026-03-08T21:49:57.602175+00:00,E3AH6 C6980,FOP,ES,2026-03-16,C,6980.0,-1.0,1123.58,6.48540925,-324.27,799.31,0.0,-4.498694821583548,-0.048580078924959115,90.86222422342588,-95.86546748883507,0.15283881138181393,-4.498694821583548,6740.35009765625,live,,,,,none,False
2026-03-08T21:49:57.602175+00:00,E3AH6 P6630,FOP,ES,2026-03-16,P,6630.0,-1.0,1498.58,69.41212465,-3470.61,-1972.03,0.0,16.67922633792305,-0.060984547049489406,175.23279555307454,-203.23870958263797,0.26448490161400234,16.67922633792305,6740.35009765625,live,,,,,none,False
